id,gender,title,age,family_size,is_alone,embarked,class,ticket_price,SURVIVED,NO_SURVIVED,y_true,y_predict
0,female,Mrs,18_30_years,1,1,S,1,High,1,0,SURVIVED,SURVIVED
1,male,Mr,<12_years,3-5,0,S,1,High,1,0,SURVIVED,SURVIVED
2,female,Mrs,<12_years,3-5,0,S,1,High,0,1,NO_SURVIVED,NO_SURVIVED
3,male,Mr,18_30_years,3-5,0,S,1,High,0,1,NO_SURVIVED,NO_SURVIVED
4,female,Mrs,18_30_years,3-5,0,S,1,High,0,1,NO_SURVIVED,NO_SURVIVED
5,male,Mr,30_60_years,1,1,S,1,High,1,0,SURVIVED,SURVIVED
6,female,Mrs,>60_years,1,1,S,1,High,1,0,SURVIVED,SURVIVED
7,male,Mr,30_60_years,1,1,S,1,Low,0,1,NO_SURVIVED,NO_SURVIVED
8,female,Mrs,30_60_years,2,0,S,1,High,1,0,SURVIVED,SURVIVED
9,male,Mr,>60_years,1,1,C,1,High,0,1,NO_SURVIVED,NO_SURVIVED
10,male,rare,30_60_years,1,1,C,1,High,0,1,NO_SURVIVED,NO_SURVIVED
11,female,Mrs,12_18_years,1,1,C,1,High,1,0,SURVIVED,SURVIVED
12,female,rare,18_30_years,1,1,C,1,High,1,0,SURVIVED,SURVIVED
13,female,Mrs,18_30_years,1,1,S,1,High,1,0,SURVIVED,SURVIVED
14,male,Mr,>60_years,1,1,S,1,High,1,0,SURVIVED,SURVIVED
15,male,Mr,30_60_years,1,1,S,1,Mid,0,1,NO_SURVIVED,NO_SURVIVED
16,male,Mr,18_30_years,1,1,C,1,High,0,1,NO_SURVIVED,NO_SURVIVED
17,female,Mrs,30_60_years,1,1,C,1,High,1,0,SURVIVED,SURVIVED
18,female,Mrs,30_60_years,1,1,C,1,High,1,0,SURVIVED,SURVIVED
19,male,Mr,30_60_years,1,1,C,1,High,0,1,NO_SURVIVED,NO_SURVIVED
20,male,Mr,30_60_years,2,0,S,1,High,1,0,SURVIVED,SURVIVED
21,female,Mrs,30_60_years,2,0,S,1,High,1,0,SURVIVED,SURVIVED
22,male,Mr,18_30_years,1,1,C,1,High,1,0,SURVIVED,SURVIVED
23,female,Mrs,30_60_years,1,1,C,1,High,1,0,SURVIVED,SURVIVED
24,female,Mrs,18_30_years,1,1,S,1,High,1,0,SURVIVED,SURVIVED
25,male,Mr,18_30_years,1,1,C,1,High,0,1,NO_SURVIVED,NO_SURVIVED
26,male,Mr,18_30_years,1,1,C,1,High,1,0,SURVIVED,SURVIVED
27,female,Mrs,18_30_years,1,1,C,1,High,1,0,SURVIVED,SURVIVED
28,female,Mrs,30_60_years,1,1,S,1,High,1,0,SURVIVED,SURVIVED
29,male,Mr,18_30_years,1,1,S,1,High,1,0,SURVIVED,SURVIVED
30,male,Mr,30_60_years,1,1,S,1,High,0,1,NO_SURVIVED,NO_SURVIVED
31,male,Mr,30_60_years,1,1,C,1,High,1,0,SURVIVED,SURVIVED
32,female,Mrs,18_30_years,1,1,S,1,High,1,0,SURVIVED,SURVIVED
33,female,Mrs,30_60_years,1,1,S,1,High,1,0,SURVIVED,SURVIVED
34,male,Mr,30_60_years,1,1,S,1,High,0,1,NO_SURVIVED,NO_SURVIVED
35,female,Mrs,30_60_years,1,1,C,1,High,1,0,SURVIVED,SURVIVED
36,female,Mrs,18_30_years,1,1,S,1,High,1,0,SURVIVED,SURVIVED
37,male,Mr,30_60_years,1,1,S,1,High,0,1,SURVIVED,NO_SURVIVED
38,male,Mr,30_60_years,1,1,S,1,High,0,1,NO_SURVIVED,NO_SURVIVED
39,male,Mr,30_60_years,1,1,C,1,High,0,1,NO_SURVIVED,NO_SURVIVED
40,male,rare,18_30_years,1,1,C,1,High,0,1,NO_SURVIVED,NO_SURVIVED
41,female,Mrs,30_60_years,1,1,C,1,High,1,0,SURVIVED,SURVIVED
42,female,Mrs,30_60_years,2,0,S,1,High,1,0,SURVIVED,SURVIVED
43,female,Mrs,30_60_years,1,1,C,1,High,1,0,SURVIVED,SURVIVED
44,female,Mrs,30_60_years,1,1,C,1,High,1,0,SURVIVED,SURVIVED
45,male,rare,30_60_years,1,1,S,1,High,0,1,NO_SURVIVED,NO_SURVIVED
46,male,Mr,30_60_years,1,1,S,1,High,0,1,NO_SURVIVED,NO_SURVIVED
47,male,Mr,30_60_years,1,1,S,1,High,1,0,SURVIVED,SURVIVED
48,female,Mrs,30_60_years,1,1,C,1,High,1,0,SURVIVED,SURVIVED
49,male,Mr,30_60_years,1,1,C,1,High,1,0,SURVIVED,SURVIVED
50,female,Mrs,30_60_years,1,1,C,1,High,1,0,SURVIVED,SURVIVED
51,male,Mr,30_60_years,1,1,S,1,Low,0,1,NO_SURVIVED,NO_SURVIVED
52,male,Mr,18_30_years,1,1,S,1,High,0,1,NO_SURVIVED,NO_SURVIVED
53,male,Mr,12_18_years,1,1,S,1,High,0,1,NO_SURVIVED,NO_SURVIVED
54,male,Mr,<12_years,3-5,0,S,1,High,1,0,SURVIVED,SURVIVED
55,female,Mrs,12_18_years,3-5,0,S,1,High,1,0,SURVIVED,SURVIVED
56,male,Mr,30_60_years,3-5,0,S,1,High,1,0,SURVIVED,SURVIVED
57,female,Mrs,30_60_years,3-5,0,S,1,High,1,0,SURVIVED,SURVIVED
58,male,Mr,30_60_years,1,1,S,1,High,0,1,NO_SURVIVED,NO_SURVIVED
59,female,Mrs,30_60_years,1,1,C,1,High,1,0,SURVIVED,SURVIVED
60,male,Mr,30_60_years,1,1,S,1,High,0,1,NO_SURVIVED,NO_SURVIVED
61,female,Mrs,>60_years,1,1,S,1,High,1,0,SURVIVED,SURVIVED
62,male,Mr,30_60_years,1,1,S,1,High,0,1,NO_SURVIVED,NO_SURVIVED
63,female,Mrs,30_60_years,1,1,S,1,High,1,0,SURVIVED,SURVIVED
64,male,Mr,18_30_years,1,1,S,1,High,1,0,SURVIVED,SURVIVED
65,female,Mrs,30_60_years,1,1,S,1,High,1,0,SURVIVED,SURVIVED
66,female,Mrs,30_60_years,1,1,C,1,High,1,0,SURVIVED,SURVIVED
67,female,Mrs,18_30_years,1,1,S,1,High,1,0,SURVIVED,SURVIVED
68,male,Mr,30_60_years,1,1,C,1,High,1,0,SURVIVED,SURVIVED
69,female,Mrs,30_60_years,1,1,S,1,High,1,0,SURVIVED,SURVIVED
70,male,Mr,30_60_years,1,1,S,1,Low,0,1,NO_SURVIVED,NO_SURVIVED
71,male,Mr,18_30_years,1,1,C,1,High,0,1,NO_SURVIVED,NO_SURVIVED
72,female,Mrs,18_30_years,1,1,C,1,High,1,0,SURVIVED,SURVIVED
73,female,Mrs,18_30_years,1,1,S,1,High,1,0,SURVIVED,SURVIVED
74,male,Mr,30_60_years,1,1,S,1,High,0,1,NO_SURVIVED,NO_SURVIVED
75,male,Mr,30_60_years,1,1,S,1,Mid,0,1,NO_SURVIVED,NO_SURVIVED
76,female,Mrs,30_60_years,2,0,C,1,High,1,0,SURVIVED,SURVIVED
77,male,Mr,30_60_years,2,0,C,1,High,0,1,NO_SURVIVED,NO_SURVIVED
78,female,Mrs,>60_years,2,0,C,1,High,1,0,SURVIVED,SURVIVED
79,female,Mrs,30_60_years,2,0,S,1,Mid,1,0,SURVIVED,SURVIVED
80,male,Mr,30_60_years,1,1,S,1,High,0,1,NO_SURVIVED,NO_SURVIVED
81,male,rare,>60_years,2,0,S,1,High,0,1,NO_SURVIVED,NO_SURVIVED
82,female,Mrs,30_60_years,2,0,S,1,High,1,0,SURVIVED,SURVIVED
83,female,Mrs,>60_years,2,0,S,1,High,1,0,SURVIVED,SURVIVED
84,male,Mr,30_60_years,1,1,C,1,High,0,1,NO_SURVIVED,NO_SURVIVED
85,female,Mrs,30_60_years,1,1,C,1,High,1,0,SURVIVED,SURVIVED
86,male,Mr,30_60_years,1,1,S,1,High,1,0,SURVIVED,SURVIVED
87,male,Mr,18_30_years,1,1,S,1,High,1,0,SURVIVED,SURVIVED
88,female,Mrs,30_60_years,1,1,S,1,High,1,0,SURVIVED,SURVIVED
89,male,Mr,30_60_years,1,1,S,1,High,0,1,NO_SURVIVED,NO_SURVIVED
90,female,Mrs,18_30_years,3-5,0,S,1,High,1,0,SURVIVED,SURVIVED
91,male,Mr,30_60_years,1,1,S,1,High,1,0,SURVIVED,SURVIVED
92,female,Mrs,12_18_years,1,1,S,1,High,1,0,SURVIVED,SURVIVED
93,male,rare,30_60_years,2,0,S,1,High,1,0,SURVIVED,SURVIVED
94,male,Mr,<12_years,2,0,S,1,High,1,0,SURVIVED,SURVIVED
95,female,Mrs,30_60_years,2,0,S,1,High,1,0,SURVIVED,SURVIVED
96,male,Mr,30_60_years,1,1,C,1,High,0,1,NO_SURVIVED,NO_SURVIVED
97,female,Mrs,18_30_years,2,0,C,1,High,1,0,SURVIVED,SURVIVED
98,female,Mrs,30_60_years,1,1,C,1,High,1,0,SURVIVED,SURVIVED
99,female,rare,30_60_years,1,1,C,1,High,1,0,SURVIVED,SURVIVED
100,male,rare,30_60_years,1,1,C,1,High,1,0,SURVIVED,SURVIVED
101,male,Mr,30_60_years,1,1,C,1,High,0,1,NO_SURVIVED,NO_SURVIVED
102,female,Mrs,18_30_years,1,1,C,1,High,1,0,SURVIVED,SURVIVED
103,female,Mrs,30_60_years,1,1,C,1,High,1,0,SURVIVED,SURVIVED
104,female,Mrs,30_60_years,1,1,C,1,High,1,0,SURVIVED,SURVIVED
105,female,Mrs,30_60_years,1,1,C,1,High,0,1,NO_SURVIVED,NO_SURVIVED
106,male,Mr,30_60_years,1,1,S,1,High,0,1,NO_SURVIVED,NO_SURVIVED
107,female,Mrs,18_30_years,1,1,S,1,High,1,0,SURVIVED,SURVIVED
108,female,Mrs,30_60_years,1,1,C,1,High,1,0,SURVIVED,SURVIVED
109,male,Mr,30_60_years,1,1,S,1,High,1,0,SURVIVED,SURVIVED
110,male,Mr,18_30_years,1,1,C,1,High,0,1,NO_SURVIVED,NO_SURVIVED
111,female,Mrs,18_30_years,3-5,0,S,1,High,1,0,SURVIVED,SURVIVED
112,female,Mrs,18_30_years,3-5,0,S,1,High,1,0,SURVIVED,SURVIVED
113,female,Mrs,18_30_years,3-5,0,S,1,High,1,0,SURVIVED,SURVIVED
114,male,Mr,18_30_years,3-5,0,S,1,High,0,1,NO_SURVIVED,NO_SURVIVED
115,male,Mr,>60_years,3-5,0,S,1,High,0,1,NO_SURVIVED,NO_SURVIVED
116,female,Mrs,30_60_years,3-5,0,S,1,High,1,0,SURVIVED,SURVIVED
117,female,Mrs,18_30_years,1,1,C,1,High,1,0,SURVIVED,SURVIVED
118,male,Mr,30_60_years,1,1,S,1,High,0,1,NO_SURVIVED,NO_SURVIVED
119,male,rare,30_60_years,2,0,S,1,High,1,0,SURVIVED,SURVIVED
120,male,Mr,30_60_years,1,1,C,1,High,1,0,SURVIVED,SURVIVED
121,female,Mrs,30_60_years,1,1,S,1,High,1,0,SURVIVED,SURVIVED
122,female,Mrs,18_30_years,2,0,C,1,High,1,0,SURVIVED,SURVIVED
123,male,Mr,30_60_years,2,0,C,1,High,1,0,SURVIVED,SURVIVED
124,female,Mrs,30_60_years,2,0,C,1,High,1,0,SURVIVED,SURVIVED
125,male,Mr,30_60_years,1,1,S,1,Low,0,1,NO_SURVIVED,NO_SURVIVED
126,male,Mr,30_60_years,1,1,S,1,High,0,1,NO_SURVIVED,NO_SURVIVED
127,female,Mrs,30_60_years,1,1,S,1,High,1,0,SURVIVED,SURVIVED
128,male,Mr,30_60_years,1,1,S,1,High,0,1,NO_SURVIVED,NO_SURVIVED
129,female,Mrs,30_60_years,1,1,C,1,High,1,0,SURVIVED,SURVIVED
130,female,Mrs,18_30_years,1,1,C,1,High,1,0,SURVIVED,SURVIVED
131,female,Mrs,30_60_years,1,1,C,1,High,1,0,SURVIVED,SURVIVED
132,male,Mr,18_30_years,1,1,C,1,High,0,1,NO_SURVIVED,NO_SURVIVED
133,male,Mr,30_60_years,1,1,C,1,High,1,0,SURVIVED,SURVIVED
134,female,Mrs,30_60_years,1,1,C,1,High,1,0,SURVIVED,SURVIVED
135,male,Mr,>60_years,1,1,C,1,High,0,1,NO_SURVIVED,NO_SURVIVED
136,male,rare,30_60_years,1,1,C,1,High,1,0,SURVIVED,SURVIVED
137,female,Mrs,18_30_years,1,1,S,1,High,1,0,SURVIVED,SURVIVED
138,male,Mr,30_60_years,1,1,S,1,High,0,1,NO_SURVIVED,NO_SURVIVED
139,female,Mrs,30_60_years,1,1,S,1,High,1,0,SURVIVED,SURVIVED
140,male,Mr,18_30_years,1,1,C,1,High,1,0,SURVIVED,SURVIVED
141,female,Mrs,30_60_years,1,1,C,1,High,1,0,SURVIVED,SURVIVED
142,male,Mr,30_60_years,1,1,C,1,High,0,1,NO_SURVIVED,NO_SURVIVED
143,male,Mr,18_30_years,1,1,C,1,High,1,0,SURVIVED,SURVIVED
144,female,Mrs,18_30_years,1,1,C,1,High,1,0,SURVIVED,SURVIVED
145,male,Mr,30_60_years,1,1,C,1,High,1,0,SURVIVED,SURVIVED
146,female,Mrs,30_60_years,1,1,C,1,High,1,0,SURVIVED,SURVIVED
147,male,Mr,18_30_years,1,1,S,1,High,0,1,NO_SURVIVED,NO_SURVIVED
148,male,Mr,30_60_years,1,1,S,1,High,0,1,NO_SURVIVED,NO_SURVIVED
149,female,Mrs,30_60_years,1,1,S,1,High,1,0,SURVIVED,SURVIVED
150,male,Mr,30_60_years,1,1,S,1,Low,0,1,NO_SURVIVED,NO_SURVIVED
151,male,Mr,18_30_years,1,1,C,1,High,1,0,SURVIVED,SURVIVED
152,male,Mr,30_60_years,1,1,S,1,High,1,0,SURVIVED,SURVIVED
153,female,Mrs,18_30_years,1,1,C,1,High,1,0,SURVIVED,SURVIVED
154,male,Mr,30_60_years,2,0,S,1,High,0,1,NO_SURVIVED,NO_SURVIVED
155,female,Mrs,30_60_years,2,0,S,1,High,1,0,SURVIVED,SURVIVED
156,male,Mr,30_60_years,1,1,S,1,High,0,1,NO_SURVIVED,NO_SURVIVED
157,male,Mr,30_60_years,1,1,S,1,High,0,1,NO_SURVIVED,NO_SURVIVED
158,male,Mr,30_60_years,1,1,S,1,High,0,1,NO_SURVIVED,NO_SURVIVED
159,female,Mrs,12_18_years,1,1,C,1,High,1,0,SURVIVED,SURVIVED
160,female,Mrs,30_60_years,1,1,C,1,High,1,0,SURVIVED,SURVIVED
161,female,Mrs,30_60_years,1,1,S,1,High,1,0,SURVIVED,SURVIVED
162,male,Mr,30_60_years,1,1,S,1,High,0,1,NO_SURVIVED,NO_SURVIVED
163,female,Mrs,30_60_years,1,1,S,1,High,1,0,SURVIVED,SURVIVED
164,male,Mr,30_60_years,1,1,C,1,High,1,0,SURVIVED,SURVIVED
165,male,Mr,30_60_years,1,1,S,1,High,1,0,SURVIVED,SURVIVED
166,male,Mr,30_60_years,1,1,C,1,High,0,1,NO_SURVIVED,NO_SURVIVED
167,female,Mrs,30_60_years,1,1,S,1,High,1,0,SURVIVED,SURVIVED
168,female,Mrs,30_60_years,1,1,S,1,High,1,0,SURVIVED,SURVIVED
169,female,Mrs,30_60_years,1,1,C,1,High,0,1,NO_SURVIVED,NO_SURVIVED
170,male,Mr,30_60_years,1,1,S,1,Low,1,0,SURVIVED,SURVIVED
171,male,Mr,30_60_years,1,1,S,1,High,0,1,NO_SURVIVED,NO_SURVIVED
172,male,Mr,30_60_years,1,1,S,1,High,0,1,NO_SURVIVED,NO_SURVIVED
173,male,Mr,30_60_years,1,1,C,1,High,0,1,NO_SURVIVED,NO_SURVIVED
174,male,Mr,30_60_years,1,1,C,1,High,0,1,NO_SURVIVED,NO_SURVIVED
175,male,Mr,30_60_years,1,1,S,1,High,0,1,NO_SURVIVED,NO_SURVIVED
176,female,Mrs,30_60_years,1,1,S,1,High,1,0,SURVIVED,SURVIVED
177,male,Mr,30_60_years,1,1,S,1,High,1,0,SURVIVED,SURVIVED
178,female,Mrs,30_60_years,1,1,S,1,High,1,0,SURVIVED,SURVIVED
179,male,Mr,30_60_years,1,1,S,1,High,0,1,NO_SURVIVED,NO_SURVIVED
180,female,Mrs,30_60_years,1,1,S,1,High,1,0,SURVIVED,SURVIVED
181,female,rare,30_60_years,1,1,S,1,Mid,1,0,SURVIVED,SURVIVED
182,female,Mrs,18_30_years,1,1,C,1,High,1,0,SURVIVED,SURVIVED
183,male,Mr,30_60_years,1,1,C,1,High,1,0,SURVIVED,SURVIVED
184,male,Mr,30_60_years,1,1,C,1,High,0,1,NO_SURVIVED,NO_SURVIVED
185,male,Mr,30_60_years,1,1,S,1,High,0,1,NO_SURVIVED,NO_SURVIVED
186,female,Mrs,30_60_years,1,1,C,1,High,1,0,SURVIVED,SURVIVED
187,female,Mrs,12_18_years,1,1,S,1,High,1,0,SURVIVED,SURVIVED
188,female,Mrs,30_60_years,1,1,S,1,High,1,0,SURVIVED,SURVIVED
189,male,Mr,18_30_years,1,1,S,1,High,0,1,NO_SURVIVED,NO_SURVIVED
190,female,Mrs,18_30_years,1,1,S,1,High,1,0,SURVIVED,SURVIVED
191,male,Mr,18_30_years,1,1,S,1,High,0,1,NO_SURVIVED,NO_SURVIVED
192,female,Mrs,30_60_years,1,1,C,1,High,1,0,SURVIVED,SURVIVED
193,female,Mrs,12_18_years,1,1,S,1,High,1,0,SURVIVED,SURVIVED
194,male,Mr,18_30_years,1,1,S,1,High,0,1,NO_SURVIVED,NO_SURVIVED
195,female,Mrs,12_18_years,1,1,S,1,High,1,0,SURVIVED,SURVIVED
196,male,Mr,30_60_years,1,1,C,1,High,1,0,SURVIVED,SURVIVED
197,male,Mr,18_30_years,1,1,S,1,High,0,1,NO_SURVIVED,NO_SURVIVED
198,female,Mrs,12_18_years,1,1,S,1,High,1,0,SURVIVED,SURVIVED
199,female,rare,18_30_years,1,1,C,1,High,1,0,SURVIVED,SURVIVED
200,male,Mr,30_60_years,1,1,C,1,High,0,1,NO_SURVIVED,NO_SURVIVED
201,male,Mr,30_60_years,1,1,S,1,High,0,1,NO_SURVIVED,NO_SURVIVED
202,male,Mr,30_60_years,1,1,S,1,High,1,0,SURVIVED,SURVIVED
203,male,Mr,18_30_years,1,1,C,1,High,0,1,NO_SURVIVED,NO_SURVIVED
204,female,Mrs,18_30_years,1,1,C,1,High,1,0,SURVIVED,SURVIVED
205,male,Mr,>60_years,1,1,S,1,High,0,1,NO_SURVIVED,NO_SURVIVED
206,male,rare,30_60_years,2,0,Q,1,High,0,1,NO_SURVIVED,NO_SURVIVED
207,female,Mrs,30_60_years,1,1,Q,1,High,1,0,SURVIVED,SURVIVED
208,female,Mrs,30_60_years,1,1,Q,1,High,1,0,SURVIVED,SURVIVED
209,male,Mr,18_30_years,1,1,C,1,High,1,0,SURVIVED,SURVIVED
210,male,Mr,30_60_years,1,1,S,1,High,0,1,NO_SURVIVED,NO_SURVIVED
211,male,Mr,30_60_years,1,1,S,1,High,0,1,NO_SURVIVED,NO_SURVIVED
212,male,Mr,30_60_years,1,1,C,1,High,0,1,NO_SURVIVED,NO_SURVIVED
213,female,Mrs,30_60_years,1,1,C,1,High,1,0,SURVIVED,SURVIVED
214,female,Mrs,18_30_years,1,1,C,1,High,1,0,SURVIVED,SURVIVED
215,male,Mr,30_60_years,2,0,C,1,High,0,1,NO_SURVIVED,NO_SURVIVED
216,female,Mrs,18_30_years,2,0,S,1,High,1,0,SURVIVED,SURVIVED
217,male,Mr,>60_years,1,1,S,1,High,0,1,NO_SURVIVED,NO_SURVIVED
218,female,rare,30_60_years,1,1,C,1,High,1,0,SURVIVED,SURVIVED
219,male,Mr,30_60_years,1,1,C,1,Mid,1,0,SURVIVED,SURVIVED
220,female,Mrs,18_30_years,1,1,C,1,High,1,0,SURVIVED,SURVIVED
221,male,Mr,>60_years,1,1,C,1,High,0,1,NO_SURVIVED,NO_SURVIVED
222,male,Mr,18_30_years,1,1,C,1,High,0,1,NO_SURVIVED,NO_SURVIVED
223,male,Mr,30_60_years,1,1,S,1,Low,0,1,NO_SURVIVED,NO_SURVIVED
224,male,Mr,30_60_years,1,1,S,1,High,0,1,NO_SURVIVED,NO_SURVIVED
225,male,Mr,18_30_years,1,1,S,1,High,0,1,NO_SURVIVED,NO_SURVIVED
226,male,Mr,18_30_years,1,1,S,1,High,0,1,NO_SURVIVED,NO_SURVIVED
227,female,Mrs,18_30_years,1,1,S,1,High,1,0,SURVIVED,SURVIVED
228,male,Mr,12_18_years,1,1,C,1,High,0,1,NO_SURVIVED,NO_SURVIVED
229,female,Mrs,12_18_years,1,1,C,1,High,1,0,SURVIVED,SURVIVED
230,female,Mrs,18_30_years,1,1,S,1,High,1,0,SURVIVED,SURVIVED
231,male,rare,30_60_years,1,1,S,1,High,1,0,SURVIVED,SURVIVED
232,male,Mr,30_60_years,1,1,S,1,High,0,1,NO_SURVIVED,NO_SURVIVED
233,female,Mrs,30_60_years,1,1,C,1,High,1,0,SURVIVED,SURVIVED
234,male,rare,30_60_years,1,1,S,1,Low,0,1,NO_SURVIVED,NO_SURVIVED
235,male,Mr,18_30_years,1,1,S,1,High,1,0,SURVIVED,SURVIVED
236,male,Mr,18_30_years,1,1,C,1,High,0,1,NO_SURVIVED,NO_SURVIVED
237,male,Mr,30_60_years,1,1,C,1,High,0,1,NO_SURVIVED,NO_SURVIVED
238,female,Mrs,30_60_years,1,1,S,1,High,1,0,SURVIVED,SURVIVED
239,male,Mr,30_60_years,1,1,S,1,High,0,1,NO_SURVIVED,NO_SURVIVED
240,male,Mr,30_60_years,1,1,S,1,High,1,0,SURVIVED,SURVIVED
241,male,Mr,30_60_years,1,1,S,1,High,0,1,NO_SURVIVED,NO_SURVIVED
242,female,Mrs,30_60_years,1,1,C,1,High,1,0,SURVIVED,SURVIVED
243,male,Mr,30_60_years,1,1,C,1,High,0,1,NO_SURVIVED,NO_SURVIVED
244,male,Mr,30_60_years,1,1,C,1,High,0,1,NO_SURVIVED,NO_SURVIVED
245,female,rare,30_60_years,1,1,S,1,High,1,0,SURVIVED,SURVIVED
246,male,Mr,30_60_years,1,1,C,1,High,0,1,NO_SURVIVED,NO_SURVIVED
247,female,Mrs,30_60_years,1,1,C,1,High,1,0,SURVIVED,SURVIVED
248,male,Mr,30_60_years,1,1,S,1,High,0,1,NO_SURVIVED,NO_SURVIVED
249,male,Mr,12_18_years,3-5,0,C,1,High,1,0,SURVIVED,SURVIVED
250,female,Mrs,12_18_years,3-5,0,C,1,High,1,0,SURVIVED,SURVIVED
251,female,Mrs,18_30_years,3-5,0,C,1,High,1,0,SURVIVED,SURVIVED
252,male,Mr,>60_years,3-5,0,C,1,High,0,1,NO_SURVIVED,NO_SURVIVED
253,female,Mrs,30_60_years,3-5,0,C,1,High,1,0,SURVIVED,SURVIVED
254,male,Mr,30_60_years,1,1,S,1,High,1,0,SURVIVED,SURVIVED
255,female,rare,18_30_years,1,1,C,1,High,1,0,SURVIVED,SURVIVED
256,male,Mr,18_30_years,1,1,S,1,High,0,1,SURVIVED,NO_SURVIVED
257,female,Mrs,30_60_years,1,1,C,1,High,1,0,SURVIVED,SURVIVED
258,female,Mrs,18_30_years,1,1,C,1,High,1,0,SURVIVED,SURVIVED
259,male,Mr,30_60_years,1,1,S,1,High,1,0,SURVIVED,SURVIVED
260,female,Mrs,30_60_years,1,1,S,1,High,1,0,SURVIVED,SURVIVED
261,male,Mr,30_60_years,1,1,S,1,High,1,0,SURVIVED,SURVIVED
262,male,Mr,30_60_years,1,1,S,1,High,0,1,NO_SURVIVED,NO_SURVIVED
263,female,Mrs,30_60_years,1,1,S,1,High,1,0,SURVIVED,SURVIVED
264,male,rare,30_60_years,1,1,C,1,High,1,0,SURVIVED,SURVIVED
265,male,Mr,18_30_years,1,1,S,1,High,1,0,SURVIVED,SURVIVED
266,male,Mr,30_60_years,1,1,S,1,High,0,1,NO_SURVIVED,NO_SURVIVED
267,male,Mr,30_60_years,1,1,C,1,High,0,1,NO_SURVIVED,NO_SURVIVED
268,male,Mr,18_30_years,1,1,S,1,High,0,1,NO_SURVIVED,NO_SURVIVED
269,male,Mr,18_30_years,1,1,S,1,High,0,1,NO_SURVIVED,NO_SURVIVED
270,female,Mrs,12_18_years,1,1,S,1,High,1,0,SURVIVED,SURVIVED
271,male,Mr,18_30_years,1,1,S,1,High,1,0,SURVIVED,SURVIVED
272,female,Mrs,18_30_years,1,1,S,1,High,1,0,SURVIVED,SURVIVED
273,male,Mr,<12_years,2,0,C,1,High,1,0,SURVIVED,SURVIVED
274,male,Mr,30_60_years,2,0,C,1,High,1,0,SURVIVED,SURVIVED
275,female,Mrs,30_60_years,2,0,C,1,High,1,0,SURVIVED,SURVIVED
276,male,Mr,30_60_years,1,1,C,1,High,0,1,NO_SURVIVED,NO_SURVIVED
277,female,Mrs,30_60_years,1,1,C,1,High,1,0,SURVIVED,SURVIVED
278,male,rare,30_60_years,1,1,C,1,High,1,0,SURVIVED,SURVIVED
279,male,Mr,>60_years,1,1,S,1,High,0,1,NO_SURVIVED,NO_SURVIVED
280,male,Mr,30_60_years,1,1,C,1,High,1,0,SURVIVED,SURVIVED
281,female,Mrs,30_60_years,1,1,C,1,High,1,0,SURVIVED,SURVIVED
282,female,Mrs,30_60_years,1,1,C,1,High,1,0,SURVIVED,SURVIVED
283,male,Mr,30_60_years,1,1,C,1,High,0,1,NO_SURVIVED,NO_SURVIVED
284,female,Mrs,>60_years,1,1,S,1,High,1,0,SURVIVED,SURVIVED
285,male,Mr,>60_years,1,1,S,1,High,0,1,NO_SURVIVED,NO_SURVIVED
286,female,Mrs,>60_years,1,1,S,1,High,0,1,NO_SURVIVED,NO_SURVIVED
287,male,Mr,>60_years,1,1,S,1,High,0,1,NO_SURVIVED,NO_SURVIVED
288,female,Mrs,30_60_years,1,1,S,1,Mid,1,0,SURVIVED,SURVIVED
289,female,Mrs,12_18_years,2,0,S,1,High,1,0,SURVIVED,SURVIVED
290,male,Mr,30_60_years,2,0,S,1,High,0,1,NO_SURVIVED,NO_SURVIVED
291,female,Mrs,30_60_years,2,0,S,1,High,1,0,SURVIVED,SURVIVED
292,male,Mr,30_60_years,1,1,S,1,High,1,0,SURVIVED,SURVIVED
293,female,Mrs,30_60_years,1,1,S,1,High,1,0,SURVIVED,SURVIVED
294,male,Mr,30_60_years,2,0,C,1,High,0,1,NO_SURVIVED,NO_SURVIVED
295,male,Mr,12_18_years,2,0,C,1,High,1,0,SURVIVED,SURVIVED
296,female,Mrs,30_60_years,2,0,C,1,High,1,0,SURVIVED,SURVIVED
297,female,Mrs,30_60_years,1,1,C,1,High,1,0,SURVIVED,SURVIVED
298,male,Mr,30_60_years,1,1,C,1,High,1,0,SURVIVED,SURVIVED
299,male,rare,30_60_years,1,1,C,1,High,0,1,NO_SURVIVED,NO_SURVIVED
300,male,Mr,>60_years,1,1,S,1,High,0,1,NO_SURVIVED,NO_SURVIVED
301,male,Mr,30_60_years,1,1,S,1,High,0,1,NO_SURVIVED,NO_SURVIVED
302,female,Mrs,30_60_years,1,1,C,1,High,1,0,SURVIVED,SURVIVED
303,male,Mr,>60_years,1,1,C,1,High,0,1,NO_SURVIVED,NO_SURVIVED
304,female,Mrs,30_60_years,1,1,C,1,High,1,0,SURVIVED,SURVIVED
305,male,rare,30_60_years,1,1,S,1,High,0,1,NO_SURVIVED,NO_SURVIVED
306,male,Mr,30_60_years,1,1,S,1,High,0,1,NO_SURVIVED,NO_SURVIVED
307,male,Mr,18_30_years,1,1,S,1,High,0,1,NO_SURVIVED,NO_SURVIVED
308,female,Mrs,30_60_years,1,1,C,1,High,1,0,SURVIVED,SURVIVED
309,female,Mrs,30_60_years,2,0,S,1,High,1,0,SURVIVED,SURVIVED
310,male,Mr,30_60_years,2,0,S,1,High,0,1,NO_SURVIVED,NO_SURVIVED
311,female,Mrs,30_60_years,2,0,S,1,High,1,0,SURVIVED,SURVIVED
312,male,Mr,30_60_years,2,0,C,1,High,0,1,NO_SURVIVED,NO_SURVIVED
313,male,Mr,18_30_years,2,0,C,1,High,0,1,NO_SURVIVED,NO_SURVIVED
314,female,Mrs,30_60_years,2,0,C,1,High,1,0,SURVIVED,SURVIVED
315,female,Mrs,18_30_years,1,1,S,1,High,1,0,SURVIVED,SURVIVED
316,male,Mr,30_60_years,1,1,C,1,High,0,1,NO_SURVIVED,NO_SURVIVED
317,male,Mr,18_30_years,1,1,C,1,High,1,0,SURVIVED,SURVIVED
318,male,Mr,30_60_years,1,1,S,1,High,0,1,NO_SURVIVED,NO_SURVIVED
319,female,Mrs,30_60_years,1,1,C,1,High,1,0,SURVIVED,SURVIVED
320,male,Mr,30_60_years,1,1,S,1,High,1,0,SURVIVED,SURVIVED
321,male,Mr,>60_years,1,1,S,1,High,0,1,NO_SURVIVED,NO_SURVIVED
322,female,Mrs,30_60_years,1,1,C,1,High,1,0,SURVIVED,SURVIVED
323,male,Mr,18_30_years,1,1,C,2,Mid,0,1,NO_SURVIVED,NO_SURVIVED
324,female,Mrs,18_30_years,1,1,C,2,Mid,1,0,SURVIVED,SURVIVED
325,male,Mr,18_30_years,1,1,S,2,Mid,0,1,NO_SURVIVED,NO_SURVIVED
326,male,Mr,12_18_years,1,1,S,2,Mid,0,1,NO_SURVIVED,NO_SURVIVED
327,male,Mr,18_30_years,1,1,S,2,Mid,0,1,NO_SURVIVED,NO_SURVIVED
328,male,Mr,30_60_years,1,1,S,2,High,0,1,NO_SURVIVED,NO_SURVIVED
329,female,Mrs,30_60_years,1,1,S,2,High,1,0,SURVIVED,SURVIVED
330,male,Mr,30_60_years,1,1,S,2,Mid,0,1,NO_SURVIVED,NO_SURVIVED
331,male,Mr,12_18_years,1,1,S,2,Mid,0,1,NO_SURVIVED,NO_SURVIVED
332,male,Mr,18_30_years,1,1,S,2,Mid,0,1,NO_SURVIVED,NO_SURVIVED
333,female,Mrs,30_60_years,1,1,S,2,Mid,1,0,SURVIVED,SURVIVED
334,male,Mr,18_30_years,1,1,S,2,Mid,0,1,NO_SURVIVED,NO_SURVIVED
335,male,rare,30_60_years,1,1,S,2,Mid,0,1,NO_SURVIVED,NO_SURVIVED
336,male,Mr,30_60_years,1,1,S,2,High,1,0,SURVIVED,SURVIVED
337,female,Mrs,18_30_years,1,1,S,2,High,1,0,SURVIVED,SURVIVED
338,male,Mr,18_30_years,1,1,S,2,High,0,1,NO_SURVIVED,NO_SURVIVED
339,male,Mr,<12_years,3-5,0,S,2,High,1,0,SURVIVED,SURVIVED
340,female,Mrs,<12_years,3-5,0,S,2,High,1,0,SURVIVED,SURVIVED
341,female,Mrs,<12_years,3-5,0,S,2,High,1,0,SURVIVED,SURVIVED
342,female,Mrs,30_60_years,3-5,0,S,2,High,1,0,SURVIVED,SURVIVED
343,male,Mr,30_60_years,1,1,S,2,Mid,0,1,SURVIVED,NO_SURVIVED
344,female,Mrs,18_30_years,1,1,S,2,Mid,1,0,SURVIVED,SURVIVED
345,male,Mr,18_30_years,1,1,S,2,Mid,0,1,NO_SURVIVED,NO_SURVIVED
346,male,Mr,18_30_years,1,1,S,2,Mid,0,1,NO_SURVIVED,NO_SURVIVED
347,male,Mr,30_60_years,1,1,S,2,Mid,0,1,NO_SURVIVED,NO_SURVIVED
348,male,Mr,18_30_years,1,1,S,2,Mid,0,1,NO_SURVIVED,NO_SURVIVED
349,female,Mrs,18_30_years,1,1,S,2,Mid,1,0,SURVIVED,SURVIVED
350,female,Mrs,12_18_years,2,0,S,2,High,1,0,SURVIVED,SURVIVED
351,male,Mr,30_60_years,2,0,S,2,High,0,1,NO_SURVIVED,NO_SURVIVED
352,female,Mrs,30_60_years,2,0,S,2,High,1,0,SURVIVED,SURVIVED
353,female,Mrs,18_30_years,1,1,S,2,High,1,0,SURVIVED,SURVIVED
354,male,Mr,18_30_years,1,1,S,2,High,0,1,NO_SURVIVED,NO_SURVIVED
355,female,Mrs,30_60_years,1,1,S,2,Mid,1,0,SURVIVED,SURVIVED
356,male,Mr,18_30_years,1,1,S,2,Mid,0,1,NO_SURVIVED,NO_SURVIVED
357,male,rare,30_60_years,1,1,S,2,Mid,0,1,NO_SURVIVED,NO_SURVIVED
358,female,Mrs,30_60_years,1,1,S,2,Mid,1,0,SURVIVED,SURVIVED
359,male,Mr,<12_years,2,0,S,2,High,1,0,SURVIVED,SURVIVED
360,male,Mr,18_30_years,2,0,S,2,High,1,0,SURVIVED,SURVIVED
361,female,Mrs,18_30_years,2,0,S,2,High,1,0,SURVIVED,SURVIVED
362,female,Mrs,30_60_years,1,1,S,2,Mid,1,0,SURVIVED,SURVIVED
363,male,Mr,30_60_years,1,1,S,2,Low,0,1,NO_SURVIVED,NO_SURVIVED
364,male,Mr,18_30_years,1,1,S,2,Mid,0,1,NO_SURVIVED,NO_SURVIVED
365,female,Mrs,30_60_years,1,1,S,2,High,0,1,NO_SURVIVED,NO_SURVIVED
366,male,rare,30_60_years,1,1,S,2,High,0,1,NO_SURVIVED,NO_SURVIVED
367,male,Mr,30_60_years,1,1,S,2,Mid,0,1,NO_SURVIVED,NO_SURVIVED
368,male,Mr,30_60_years,1,1,S,2,High,0,1,NO_SURVIVED,NO_SURVIVED
369,female,Mrs,18_30_years,1,1,S,2,High,1,0,NO_SURVIVED,SURVIVED
370,female,Mrs,18_30_years,2,0,S,2,High,1,0,SURVIVED,SURVIVED
371,female,Mrs,30_60_years,2,0,S,2,High,1,0,SURVIVED,SURVIVED
372,male,Mr,18_30_years,1,1,S,2,High,0,1,NO_SURVIVED,NO_SURVIVED
373,female,Mrs,18_30_years,1,1,S,2,High,1,0,SURVIVED,SURVIVED
374,male,Mr,18_30_years,1,1,S,2,Mid,0,1,NO_SURVIVED,NO_SURVIVED
375,male,Mr,18_30_years,1,1,S,2,Mid,0,1,NO_SURVIVED,NO_SURVIVED
376,male,Mr,18_30_years,1,1,S,2,Mid,0,1,SURVIVED,NO_SURVIVED
377,female,Mrs,<12_years,2,0,S,2,High,1,0,SURVIVED,SURVIVED
378,male,Mr,30_60_years,2,0,S,2,High,0,1,NO_SURVIVED,NO_SURVIVED
379,female,Mrs,30_60_years,2,0,S,2,High,1,0,SURVIVED,SURVIVED
380,female,Mrs,18_30_years,1,1,S,2,Mid,1,0,SURVIVED,SURVIVED
381,female,Mrs,18_30_years,1,1,S,2,Mid,1,0,NO_SURVIVED,SURVIVED
382,female,Mrs,30_60_years,1,1,S,2,Mid,0,1,NO_SURVIVED,NO_SURVIVED
383,male,Mr,18_30_years,1,1,S,2,Mid,0,1,NO_SURVIVED,NO_SURVIVED
384,male,Mr,30_60_years,1,1,S,2,Low,0,1,NO_SURVIVED,NO_SURVIVED
385,male,Mr,<12_years,2,0,S,2,High,1,0,SURVIVED,SURVIVED
386,male,Mr,12_18_years,1,1,S,2,High,0,1,NO_SURVIVED,NO_SURVIVED
387,female,Mrs,30_60_years,2,0,S,2,High,1,0,SURVIVED,SURVIVED
388,female,Mrs,18_30_years,1,1,S,2,Mid,1,0,SURVIVED,SURVIVED
389,male,Mr,30_60_years,1,1,S,2,Mid,0,1,NO_SURVIVED,NO_SURVIVED
390,male,Mr,12_18_years,1,1,S,2,High,0,1,NO_SURVIVED,NO_SURVIVED
391,male,Mr,18_30_years,1,1,C,2,High,0,1,NO_SURVIVED,NO_SURVIVED
392,female,Mrs,18_30_years,1,1,C,2,High,1,0,SURVIVED,SURVIVED
393,male,Mr,18_30_years,1,1,S,2,High,0,1,NO_SURVIVED,NO_SURVIVED
394,male,Mr,12_18_years,1,1,S,2,High,0,1,NO_SURVIVED,NO_SURVIVED
395,female,Mrs,12_18_years,1,1,S,2,Mid,1,0,SURVIVED,SURVIVED
396,female,Mrs,30_60_years,1,1,S,2,Mid,1,0,SURVIVED,SURVIVED
397,male,Mr,30_60_years,1,1,S,2,High,0,1,NO_SURVIVED,NO_SURVIVED
398,male,Mr,<12_years,2,0,S,2,High,1,0,SURVIVED,SURVIVED
399,male,Mr,30_60_years,2,0,S,2,High,0,1,NO_SURVIVED,NO_SURVIVED
400,female,Mrs,30_60_years,2,0,S,2,High,1,0,SURVIVED,SURVIVED
401,female,Mrs,18_30_years,1,1,C,2,Mid,1,0,SURVIVED,SURVIVED
402,female,Mrs,18_30_years,1,1,C,2,Mid,1,0,SURVIVED,SURVIVED
403,male,Mr,18_30_years,1,1,S,2,Mid,0,1,NO_SURVIVED,NO_SURVIVED
404,male,Mr,18_30_years,1,1,S,2,Mid,0,1,NO_SURVIVED,NO_SURVIVED
405,male,Mr,12_18_years,1,1,S,2,Mid,0,1,NO_SURVIVED,NO_SURVIVED
406,male,Mr,30_60_years,1,1,S,2,High,0,1,NO_SURVIVED,NO_SURVIVED
407,female,Mrs,18_30_years,1,1,S,2,High,1,0,SURVIVED,SURVIVED
408,male,Mr,12_18_years,1,1,S,2,Mid,0,1,NO_SURVIVED,NO_SURVIVED
409,male,Mr,30_60_years,1,1,S,2,Mid,0,1,NO_SURVIVED,NO_SURVIVED
410,male,Mr,30_60_years,1,1,S,2,Low,0,1,NO_SURVIVED,NO_SURVIVED
411,female,Mrs,30_60_years,1,1,S,2,Mid,0,1,NO_SURVIVED,NO_SURVIVED
412,male,Mr,30_60_years,1,1,S,2,High,0,1,NO_SURVIVED,NO_SURVIVED
413,male,Mr,30_60_years,1,1,S,2,Mid,0,1,NO_SURVIVED,NO_SURVIVED
414,male,Mr,30_60_years,1,1,S,2,Mid,0,1,NO_SURVIVED,NO_SURVIVED
415,female,Mrs,30_60_years,1,1,S,2,Mid,1,0,SURVIVED,SURVIVED
416,male,Mr,12_18_years,1,1,S,2,High,0,1,NO_SURVIVED,NO_SURVIVED
417,male,Mr,18_30_years,1,1,S,2,Mid,0,1,NO_SURVIVED,NO_SURVIVED
418,male,Mr,30_60_years,1,1,S,2,Mid,0,1,NO_SURVIVED,NO_SURVIVED
419,male,Mr,18_30_years,1,1,S,2,Mid,0,1,NO_SURVIVED,NO_SURVIVED
420,male,Mr,18_30_years,1,1,S,2,Mid,0,1,NO_SURVIVED,NO_SURVIVED
421,male,Mr,18_30_years,1,1,S,2,Mid,0,1,NO_SURVIVED,NO_SURVIVED
422,male,Mr,18_30_years,1,1,S,2,Mid,0,1,NO_SURVIVED,NO_SURVIVED
423,male,Mr,30_60_years,1,1,S,2,Mid,0,1,NO_SURVIVED,NO_SURVIVED
424,male,Mr,18_30_years,1,1,S,2,Mid,0,1,NO_SURVIVED,NO_SURVIVED
425,male,Mr,30_60_years,1,1,S,2,Mid,0,1,NO_SURVIVED,NO_SURVIVED
426,male,Mr,18_30_years,1,1,S,2,Mid,0,1,NO_SURVIVED,NO_SURVIVED
427,male,Mr,<12_years,2,0,S,2,Mid,1,0,SURVIVED,SURVIVED
428,female,Mrs,18_30_years,2,0,S,2,Mid,1,0,SURVIVED,SURVIVED
429,male,Mr,30_60_years,1,1,S,2,Mid,0,1,NO_SURVIVED,NO_SURVIVED
430,female,Mrs,<12_years,1,1,S,2,High,1,0,SURVIVED,SURVIVED
431,male,rare,18_30_years,1,1,S,2,High,0,1,NO_SURVIVED,NO_SURVIVED
432,male,Mr,>60_years,1,1,S,2,Mid,1,0,SURVIVED,SURVIVED
433,male,Mr,18_30_years,1,1,S,2,Mid,0,1,NO_SURVIVED,NO_SURVIVED
434,female,Mrs,<12_years,2,0,S,2,High,1,0,SURVIVED,SURVIVED
435,male,Mr,30_60_years,2,0,S,2,High,0,1,NO_SURVIVED,NO_SURVIVED
436,female,Mrs,30_60_years,2,0,S,2,High,1,0,SURVIVED,SURVIVED
437,female,Mrs,18_30_years,3-5,0,S,2,High,1,0,SURVIVED,SURVIVED
438,female,Mrs,18_30_years,3-5,0,S,2,High,1,0,SURVIVED,SURVIVED
439,male,Mr,30_60_years,3-5,0,S,2,High,0,1,NO_SURVIVED,NO_SURVIVED
440,female,Mrs,30_60_years,3-5,0,S,2,High,1,0,SURVIVED,SURVIVED
441,female,Mrs,30_60_years,1,1,S,2,Mid,1,0,SURVIVED,SURVIVED
442,male,Mr,18_30_years,2,0,S,2,High,0,1,NO_SURVIVED,NO_SURVIVED
443,male,Mr,30_60_years,2,0,S,2,High,0,1,NO_SURVIVED,NO_SURVIVED
444,male,Mr,18_30_years,2,0,S,2,High,0,1,NO_SURVIVED,NO_SURVIVED
445,female,Mrs,12_18_years,2,0,S,2,Mid,1,0,NO_SURVIVED,SURVIVED
446,female,Mrs,18_30_years,3-5,0,S,2,Mid,1,0,SURVIVED,SURVIVED
447,male,Mr,18_30_years,3-5,0,S,2,Mid,0,1,NO_SURVIVED,NO_SURVIVED
448,male,Mr,30_60_years,1,1,S,2,Mid,0,1,NO_SURVIVED,NO_SURVIVED
449,female,Mrs,30_60_years,3-5,0,S,2,Mid,1,0,SURVIVED,SURVIVED
450,male,Mr,30_60_years,1,1,S,2,Mid,0,1,NO_SURVIVED,NO_SURVIVED
451,male,Mr,30_60_years,1,1,S,2,High,0,1,NO_SURVIVED,NO_SURVIVED
452,female,Mrs,18_30_years,1,1,S,2,High,1,0,SURVIVED,SURVIVED
453,male,Mr,18_30_years,1,1,S,2,High,0,1,NO_SURVIVED,NO_SURVIVED
454,male,Mr,30_60_years,1,1,S,2,Mid,0,1,SURVIVED,NO_SURVIVED
455,male,Mr,>60_years,1,1,S,2,High,0,1,NO_SURVIVED,NO_SURVIVED
456,female,Mrs,30_60_years,1,1,S,2,High,0,1,NO_SURVIVED,NO_SURVIVED
457,male,Mr,30_60_years,1,1,S,2,Mid,0,1,NO_SURVIVED,NO_SURVIVED
458,female,Mrs,12_18_years,1,1,S,2,Mid,1,0,SURVIVED,SURVIVED
459,male,Mr,30_60_years,1,1,S,2,High,0,1,NO_SURVIVED,NO_SURVIVED
460,female,Mrs,18_30_years,3-5,0,S,2,High,1,0,SURVIVED,SURVIVED
461,male,Mr,30_60_years,1,1,S,2,Mid,0,1,NO_SURVIVED,NO_SURVIVED
462,male,Mr,18_30_years,2,0,S,2,High,0,1,NO_SURVIVED,NO_SURVIVED
463,male,Mr,18_30_years,2,0,S,2,High,0,1,NO_SURVIVED,NO_SURVIVED
464,male,Mr,30_60_years,1,1,S,2,Mid,0,1,NO_SURVIVED,NO_SURVIVED
465,female,Mrs,18_30_years,1,1,C,2,Mid,1,0,SURVIVED,SURVIVED
466,male,Mr,30_60_years,1,1,S,2,High,0,1,NO_SURVIVED,NO_SURVIVED
467,female,Mrs,18_30_years,1,1,S,2,High,1,0,SURVIVED,SURVIVED
468,female,Mrs,18_30_years,1,1,S,2,Mid,0,1,NO_SURVIVED,NO_SURVIVED
469,female,Mrs,30_60_years,1,1,Q,2,Mid,1,0,SURVIVED,SURVIVED
470,male,Mr,30_60_years,1,1,Q,2,Mid,0,1,NO_SURVIVED,NO_SURVIVED
471,female,Mrs,30_60_years,1,1,S,2,Mid,1,0,SURVIVED,SURVIVED
472,male,rare,30_60_years,1,1,Q,2,Mid,0,1,NO_SURVIVED,NO_SURVIVED
473,male,Mr,30_60_years,1,1,S,2,Low,0,1,NO_SURVIVED,NO_SURVIVED
474,male,Mr,30_60_years,1,1,S,2,Mid,0,1,NO_SURVIVED,NO_SURVIVED
475,female,Mrs,18_30_years,2,0,S,2,High,0,1,NO_SURVIVED,NO_SURVIVED
476,male,rare,18_30_years,2,0,S,2,High,0,1,NO_SURVIVED,NO_SURVIVED
477,male,Mr,30_60_years,1,1,Q,2,Mid,0,1,NO_SURVIVED,NO_SURVIVED
478,female,Mrs,<12_years,3-5,0,C,2,High,1,0,SURVIVED,SURVIVED
479,female,Mrs,<12_years,3-5,0,C,2,High,1,0,SURVIVED,SURVIVED
480,male,Mr,18_30_years,3-5,0,C,2,High,0,1,NO_SURVIVED,NO_SURVIVED
481,female,Mrs,18_30_years,3-5,0,C,2,High,1,0,SURVIVED,SURVIVED
482,female,Mrs,12_18_years,1,1,C,2,Mid,1,0,SURVIVED,SURVIVED
483,female,Mrs,30_60_years,1,1,S,2,High,1,0,SURVIVED,SURVIVED
484,female,Mrs,30_60_years,1,1,S,2,Mid,1,0,SURVIVED,SURVIVED
485,male,Mr,30_60_years,1,1,C,2,Mid,0,1,NO_SURVIVED,NO_SURVIVED
486,male,Mr,18_30_years,1,1,S,2,Mid,0,1,NO_SURVIVED,NO_SURVIVED
487,male,Mr,>60_years,1,1,Q,2,Mid,0,1,NO_SURVIVED,NO_SURVIVED
488,male,Mr,30_60_years,1,1,S,2,High,0,1,NO_SURVIVED,NO_SURVIVED
489,female,Mrs,30_60_years,1,1,S,2,High,1,0,SURVIVED,SURVIVED
490,female,Mrs,30_60_years,1,1,S,2,Mid,0,1,NO_SURVIVED,NO_SURVIVED
491,male,Mr,30_60_years,1,1,C,2,Mid,0,1,NO_SURVIVED,NO_SURVIVED
492,male,Mr,<12_years,2,0,C,2,High,1,0,SURVIVED,SURVIVED
493,male,Mr,30_60_years,2,0,C,2,High,0,1,NO_SURVIVED,NO_SURVIVED
494,female,Mrs,18_30_years,2,0,C,2,High,1,0,SURVIVED,SURVIVED
495,male,Mr,18_30_years,1,1,C,2,Mid,0,1,NO_SURVIVED,NO_SURVIVED
496,male,Mr,18_30_years,1,1,S,2,Mid,0,1,NO_SURVIVED,NO_SURVIVED
497,male,Mr,30_60_years,1,1,S,2,Mid,0,1,NO_SURVIVED,NO_SURVIVED
498,male,Mr,30_60_years,1,1,S,2,Mid,0,1,NO_SURVIVED,NO_SURVIVED
499,male,Mr,18_30_years,1,1,S,2,Mid,0,1,NO_SURVIVED,NO_SURVIVED
500,male,Mr,30_60_years,1,1,S,2,High,0,1,NO_SURVIVED,NO_SURVIVED
501,female,Mrs,12_18_years,1,1,S,2,Mid,1,0,SURVIVED,SURVIVED
502,female,Mrs,30_60_years,1,1,S,2,Mid,1,0,SURVIVED,SURVIVED
503,male,Mr,18_30_years,1,1,S,2,Mid,0,1,SURVIVED,NO_SURVIVED
504,male,Mr,30_60_years,1,1,S,2,Mid,0,1,NO_SURVIVED,NO_SURVIVED
505,male,Mr,30_60_years,1,1,S,2,Mid,0,1,NO_SURVIVED,NO_SURVIVED
506,male,Mr,>60_years,1,1,S,2,Mid,0,1,NO_SURVIVED,NO_SURVIVED
507,male,rare,18_30_years,1,1,S,2,Mid,0,1,NO_SURVIVED,NO_SURVIVED
508,male,rare,30_60_years,1,1,S,2,Mid,0,1,NO_SURVIVED,NO_SURVIVED
509,male,Mr,30_60_years,1,1,S,2,High,0,1,NO_SURVIVED,NO_SURVIVED
510,male,Mr,12_18_years,1,1,S,2,Mid,0,1,NO_SURVIVED,NO_SURVIVED
511,male,Mr,>60_years,1,1,Q,2,Mid,0,1,NO_SURVIVED,NO_SURVIVED
512,male,Mr,30_60_years,1,1,C,2,High,0,1,NO_SURVIVED,NO_SURVIVED
513,female,Mrs,12_18_years,1,1,C,2,High,1,0,SURVIVED,SURVIVED
514,male,Mr,<12_years,2,0,S,2,High,1,0,SURVIVED,SURVIVED
515,male,Mr,<12_years,2,0,S,2,High,1,0,SURVIVED,SURVIVED
516,male,Mr,30_60_years,2,0,S,2,High,0,1,NO_SURVIVED,NO_SURVIVED
517,male,Mr,18_30_years,1,1,S,2,Mid,0,1,NO_SURVIVED,NO_SURVIVED
518,male,Mr,18_30_years,2,0,S,2,High,0,1,NO_SURVIVED,NO_SURVIVED
519,male,Mr,18_30_years,1,1,S,2,Mid,0,1,NO_SURVIVED,NO_SURVIVED
520,male,Mr,18_30_years,1,1,C,2,Mid,1,0,SURVIVED,SURVIVED
521,female,Mrs,18_30_years,1,1,S,2,Mid,1,0,SURVIVED,SURVIVED
522,male,Mr,30_60_years,1,1,S,2,Mid,0,1,NO_SURVIVED,NO_SURVIVED
523,male,Mr,18_30_years,1,1,S,2,Mid,1,0,SURVIVED,SURVIVED
524,male,Mr,18_30_years,1,1,C,2,Mid,1,0,SURVIVED,SURVIVED
525,male,rare,18_30_years,1,1,S,2,Mid,0,1,NO_SURVIVED,NO_SURVIVED
526,male,Mr,18_30_years,1,1,C,2,Mid,1,0,SURVIVED,SURVIVED
527,male,Mr,18_30_years,1,1,S,2,Mid,0,1,NO_SURVIVED,NO_SURVIVED
528,male,Mr,30_60_years,1,1,S,2,Low,0,1,NO_SURVIVED,NO_SURVIVED
529,female,Mrs,30_60_years,1,1,S,2,High,1,0,SURVIVED,SURVIVED
530,male,Mr,18_30_years,1,1,S,2,Mid,0,1,NO_SURVIVED,NO_SURVIVED
531,male,Mr,30_60_years,1,1,C,2,Mid,0,1,NO_SURVIVED,NO_SURVIVED
532,male,rare,30_60_years,1,1,S,2,Mid,0,1,NO_SURVIVED,NO_SURVIVED
533,female,Mrs,18_30_years,1,1,S,2,Mid,1,0,SURVIVED,SURVIVED
534,female,Mrs,18_30_years,1,1,S,2,High,1,0,SURVIVED,SURVIVED
535,male,Mr,30_60_years,1,1,S,2,Mid,0,1,NO_SURVIVED,NO_SURVIVED
536,female,Mrs,30_60_years,1,1,S,2,Mid,1,0,SURVIVED,SURVIVED
537,male,Mr,30_60_years,1,1,S,2,Mid,0,1,NO_SURVIVED,NO_SURVIVED
538,male,Mr,18_30_years,1,1,C,2,Mid,1,0,SURVIVED,SURVIVED
539,male,Mr,18_30_years,1,1,C,2,Mid,0,1,NO_SURVIVED,NO_SURVIVED
540,female,Mrs,<12_years,2,0,S,2,High,1,0,SURVIVED,SURVIVED
541,female,Mrs,<12_years,2,0,S,2,High,1,0,SURVIVED,SURVIVED
542,female,Mrs,30_60_years,2,0,S,2,High,1,0,SURVIVED,SURVIVED
543,male,Mr,30_60_years,1,1,S,2,Mid,0,1,NO_SURVIVED,NO_SURVIVED
544,male,Mr,30_60_years,1,1,S,2,Mid,0,1,NO_SURVIVED,NO_SURVIVED
545,female,Mrs,18_30_years,3-5,0,S,2,Mid,1,0,SURVIVED,SURVIVED
546,female,rare,18_30_years,1,1,S,2,Mid,1,0,SURVIVED,SURVIVED
547,male,Mr,18_30_years,1,1,C,2,Mid,0,1,NO_SURVIVED,NO_SURVIVED
548,male,Mr,<12_years,2,0,S,2,Mid,1,0,SURVIVED,SURVIVED
549,male,Mr,<12_years,2,0,S,2,Mid,1,0,SURVIVED,SURVIVED
550,female,Mrs,18_30_years,3-5,0,S,2,Mid,1,0,SURVIVED,SURVIVED
551,female,Mrs,30_60_years,1,1,S,2,Mid,1,0,SURVIVED,SURVIVED
552,male,Mr,18_30_years,1,1,S,2,Mid,0,1,NO_SURVIVED,NO_SURVIVED
553,female,Mrs,18_30_years,1,1,S,2,Mid,1,0,SURVIVED,SURVIVED
554,male,Mr,18_30_years,1,1,S,2,Mid,0,1,NO_SURVIVED,NO_SURVIVED
555,male,Mr,18_30_years,1,1,S,2,Mid,0,1,NO_SURVIVED,NO_SURVIVED
556,male,Mr,18_30_years,1,1,S,2,High,0,1,NO_SURVIVED,NO_SURVIVED
557,female,Mrs,18_30_years,1,1,S,2,High,1,0,SURVIVED,SURVIVED
558,female,Mrs,12_18_years,2,0,S,2,Mid,1,0,SURVIVED,SURVIVED
559,female,Mrs,18_30_years,1,1,S,2,High,1,0,SURVIVED,SURVIVED
560,female,Mrs,18_30_years,1,1,S,2,Mid,1,0,SURVIVED,SURVIVED
561,male,Mr,30_60_years,1,1,S,2,Mid,0,1,NO_SURVIVED,NO_SURVIVED
562,female,Mrs,18_30_years,1,1,Q,2,Mid,1,0,SURVIVED,SURVIVED
563,male,Mr,30_60_years,1,1,S,2,Mid,0,1,NO_SURVIVED,NO_SURVIVED
564,female,Mrs,30_60_years,1,1,S,2,Mid,1,0,SURVIVED,SURVIVED
565,male,Mr,18_30_years,1,1,S,2,Mid,0,1,NO_SURVIVED,NO_SURVIVED
566,male,Mr,30_60_years,1,1,C,2,Mid,0,1,NO_SURVIVED,NO_SURVIVED
567,male,Mr,18_30_years,1,1,S,2,Mid,0,1,NO_SURVIVED,NO_SURVIVED
568,male,Mr,18_30_years,1,1,S,2,Mid,0,1,NO_SURVIVED,NO_SURVIVED
569,male,Mr,12_18_years,1,1,S,2,High,0,1,NO_SURVIVED,NO_SURVIVED
570,female,Mrs,30_60_years,1,1,S,2,Mid,1,0,SURVIVED,SURVIVED
571,male,Mr,18_30_years,1,1,S,2,Mid,0,1,NO_SURVIVED,NO_SURVIVED
572,female,Mrs,18_30_years,1,1,S,2,Mid,1,0,SURVIVED,SURVIVED
573,female,Mrs,18_30_years,1,1,S,2,Mid,1,0,SURVIVED,SURVIVED
574,male,Mr,18_30_years,1,1,S,2,Mid,0,1,NO_SURVIVED,NO_SURVIVED
575,female,Mrs,18_30_years,1,1,S,2,Mid,0,1,NO_SURVIVED,NO_SURVIVED
576,male,Mr,30_60_years,1,1,S,2,Mid,0,1,NO_SURVIVED,NO_SURVIVED
577,female,Mrs,30_60_years,1,1,S,2,Mid,1,0,SURVIVED,SURVIVED
578,male,Mr,18_30_years,1,1,S,2,Mid,0,1,NO_SURVIVED,NO_SURVIVED
579,male,Mr,18_30_years,1,1,S,2,Mid,0,1,NO_SURVIVED,NO_SURVIVED
580,female,Mrs,30_60_years,1,1,S,2,Mid,1,0,SURVIVED,SURVIVED
581,male,Mr,30_60_years,1,1,S,2,Low,0,1,NO_SURVIVED,NO_SURVIVED
582,female,Mrs,<12_years,1,1,S,2,Mid,1,0,SURVIVED,SURVIVED
583,female,Mrs,30_60_years,1,1,S,2,Mid,1,0,SURVIVED,SURVIVED
584,female,Mrs,30_60_years,1,1,S,2,Mid,1,0,SURVIVED,SURVIVED
585,male,Mr,18_30_years,1,1,S,2,High,0,1,NO_SURVIVED,NO_SURVIVED
586,female,Mrs,18_30_years,1,1,S,2,High,1,0,SURVIVED,SURVIVED
587,male,Mr,<12_years,2,0,S,2,Mid,1,0,SURVIVED,SURVIVED
588,female,Mrs,<12_years,2,0,S,2,Mid,1,0,SURVIVED,SURVIVED
589,female,Mrs,18_30_years,2,0,S,2,Mid,1,0,SURVIVED,SURVIVED
590,female,Mrs,<12_years,3-5,0,S,2,High,1,0,SURVIVED,SURVIVED
591,female,Mrs,<12_years,3-5,0,S,2,High,1,0,SURVIVED,SURVIVED
592,male,Mr,30_60_years,3-5,0,S,2,High,0,1,NO_SURVIVED,NO_SURVIVED
593,female,Mrs,30_60_years,3-5,0,S,2,High,1,0,SURVIVED,SURVIVED
594,male,Mr,>60_years,1,1,S,2,Mid,0,1,NO_SURVIVED,NO_SURVIVED
595,male,Mr,30_60_years,1,1,S,2,Mid,0,1,NO_SURVIVED,NO_SURVIVED
596,male,Mr,30_60_years,1,1,S,2,Mid,1,0,SURVIVED,SURVIVED
597,male,Mr,30_60_years,1,1,S,2,Mid,1,0,SURVIVED,SURVIVED
598,female,Mrs,18_30_years,1,1,S,2,Mid,1,0,SURVIVED,SURVIVED
599,female,Mrs,18_30_years,1,1,S,2,Mid,1,0,NO_SURVIVED,SURVIVED
600,male,Mr,30_60_years,1,1,S,3,Low,0,1,NO_SURVIVED,NO_SURVIVED
601,male,Mr,12_18_years,2,0,S,3,Mid,0,1,NO_SURVIVED,NO_SURVIVED
602,male,Mr,12_18_years,2,0,S,3,Mid,0,1,NO_SURVIVED,NO_SURVIVED
603,female,Mrs,30_60_years,2,0,S,3,Mid,1,0,SURVIVED,SURVIVED
604,female,Mrs,12_18_years,1,1,S,3,Low,1,0,SURVIVED,SURVIVED
605,male,Mr,18_30_years,1,1,S,3,Low,0,1,SURVIVED,NO_SURVIVED
606,male,Mr,18_30_years,1,1,S,3,Low,1,0,SURVIVED,SURVIVED
607,female,Mrs,12_18_years,1,1,C,3,Low,1,0,SURVIVED,SURVIVED
608,male,Mr,18_30_years,1,1,S,3,Low,0,1,NO_SURVIVED,NO_SURVIVED
609,male,Mr,18_30_years,1,1,S,3,Low,0,1,NO_SURVIVED,NO_SURVIVED
610,female,Mrs,30_60_years,1,1,S,3,Mid,0,1,NO_SURVIVED,NO_SURVIVED
611,male,Mr,<12_years,1,1,S,3,Mid,1,0,SURVIVED,SURVIVED
612,female,Mrs,12_18_years,1,1,S,3,Mid,1,0,SURVIVED,SURVIVED
613,male,Mr,18_30_years,1,1,C,3,Mid,1,0,SURVIVED,SURVIVED
614,male,Mr,18_30_years,1,1,S,3,Low,0,1,NO_SURVIVED,NO_SURVIVED
615,male,Mr,18_30_years,1,1,S,3,Low,1,0,NO_SURVIVED,SURVIVED
616,male,Mr,18_30_years,1,1,S,3,Low,0,1,NO_SURVIVED,NO_SURVIVED
617,male,Mr,18_30_years,1,1,S,3,Low,0,1,NO_SURVIVED,NO_SURVIVED
618,male,Mr,30_60_years,1,1,S,3,Low,0,1,NO_SURVIVED,NO_SURVIVED
619,male,Mr,12_18_years,1,1,S,3,Low,0,1,NO_SURVIVED,NO_SURVIVED
620,male,Mr,30_60_years,1,1,S,3,Mid,0,1,NO_SURVIVED,NO_SURVIVED
621,female,Mrs,18_30_years,1,1,S,3,Low,1,0,SURVIVED,SURVIVED
622,male,Mr,<12_years,>5,0,S,3,High,0,1,NO_SURVIVED,NO_SURVIVED
623,female,Mrs,<12_years,>5,0,S,3,High,0,1,NO_SURVIVED,NO_SURVIVED
624,female,Mrs,<12_years,>5,0,S,3,High,0,1,NO_SURVIVED,NO_SURVIVED
625,female,Mrs,12_18_years,>5,0,S,3,Low,1,0,SURVIVED,SURVIVED
626,female,Mrs,30_60_years,>5,0,S,3,Low,0,1,NO_SURVIVED,NO_SURVIVED
627,female,Mrs,<12_years,>5,0,S,3,High,0,1,NO_SURVIVED,NO_SURVIVED
628,female,Mrs,<12_years,>5,0,S,3,High,0,1,NO_SURVIVED,NO_SURVIVED
629,male,Mr,30_60_years,>5,0,S,3,High,0,1,NO_SURVIVED,NO_SURVIVED
630,male,Mr,18_30_years,1,1,S,3,Low,1,0,SURVIVED,SURVIVED
631,male,Mr,18_30_years,1,1,S,3,Low,0,1,NO_SURVIVED,NO_SURVIVED
632,female,Mrs,30_60_years,>5,0,S,3,High,0,1,NO_SURVIVED,NO_SURVIVED
633,male,Mr,18_30_years,1,1,S,3,Low,0,1,NO_SURVIVED,NO_SURVIVED
634,male,Mr,18_30_years,1,1,S,3,Low,0,1,NO_SURVIVED,NO_SURVIVED
635,male,Mr,18_30_years,1,1,S,3,Mid,0,1,NO_SURVIVED,NO_SURVIVED
636,female,Mrs,12_18_years,1,1,S,3,Mid,0,1,NO_SURVIVED,NO_SURVIVED
637,male,Mr,18_30_years,1,1,S,3,Low,0,1,NO_SURVIVED,NO_SURVIVED
638,male,Mr,30_60_years,1,1,S,3,Low,0,1,NO_SURVIVED,NO_SURVIVED
639,male,Mr,<12_years,>5,0,S,3,High,0,1,NO_SURVIVED,NO_SURVIVED
640,male,Mr,<12_years,>5,0,S,3,High,0,1,NO_SURVIVED,NO_SURVIVED
641,male,Mr,<12_years,>5,0,S,3,High,1,0,SURVIVED,SURVIVED
642,male,Mr,12_18_years,>5,0,S,3,High,0,1,NO_SURVIVED,NO_SURVIVED
643,female,Mrs,<12_years,>5,0,S,3,High,1,0,SURVIVED,SURVIVED
644,male,Mr,30_60_years,>5,0,S,3,High,0,1,NO_SURVIVED,NO_SURVIVED
645,male,Mr,18_30_years,1,1,S,3,Low,1,0,SURVIVED,SURVIVED
646,female,Mrs,30_60_years,>5,0,S,3,High,1,0,SURVIVED,SURVIVED
647,female,Mrs,30_60_years,1,1,C,3,Low,1,0,SURVIVED,SURVIVED
648,male,Mr,18_30_years,1,1,C,3,Low,0,1,NO_SURVIVED,NO_SURVIVED
649,male,Mr,18_30_years,1,1,S,3,Low,0,1,NO_SURVIVED,NO_SURVIVED
650,female,Mrs,12_18_years,1,1,C,3,Mid,0,1,NO_SURVIVED,NO_SURVIVED
651,male,Mr,18_30_years,1,1,C,3,Low,0,1,NO_SURVIVED,NO_SURVIVED
652,male,Mr,18_30_years,1,1,S,3,Low,0,1,NO_SURVIVED,NO_SURVIVED
653,female,Mrs,12_18_years,1,1,C,3,Low,1,0,SURVIVED,SURVIVED
654,male,Mr,18_30_years,1,1,C,3,Low,0,1,NO_SURVIVED,NO_SURVIVED
655,male,Mr,30_60_years,1,1,S,3,Mid,0,1,NO_SURVIVED,NO_SURVIVED
656,female,Mrs,30_60_years,3-5,0,S,3,Mid,1,0,SURVIVED,SURVIVED
657,female,Mrs,<12_years,3-5,0,C,3,Mid,1,0,SURVIVED,SURVIVED
658,female,Mrs,<12_years,3-5,0,C,3,Mid,1,0,SURVIVED,SURVIVED
659,female,Mrs,<12_years,3-5,0,C,3,Mid,1,0,SURVIVED,SURVIVED
660,female,Mrs,18_30_years,3-5,0,C,3,Mid,1,0,SURVIVED,SURVIVED
661,female,Mrs,12_18_years,1,1,S,3,Low,1,0,SURVIVED,SURVIVED
662,male,Mr,30_60_years,1,1,C,3,Low,0,1,NO_SURVIVED,NO_SURVIVED
663,male,Mr,18_30_years,1,1,S,3,Low,0,1,NO_SURVIVED,NO_SURVIVED
664,male,Mr,18_30_years,1,1,C,3,Low,1,0,SURVIVED,SURVIVED
665,female,Mrs,12_18_years,1,1,C,3,Mid,0,1,NO_SURVIVED,NO_SURVIVED
666,female,Mrs,30_60_years,1,1,C,3,Mid,0,1,NO_SURVIVED,NO_SURVIVED
667,female,Mrs,18_30_years,1,1,Q,3,Low,0,1,NO_SURVIVED,NO_SURVIVED
668,male,Mr,18_30_years,1,1,S,3,Low,0,1,NO_SURVIVED,NO_SURVIVED
669,male,Mr,18_30_years,1,1,S,3,Low,1,0,NO_SURVIVED,SURVIVED
670,male,Mr,18_30_years,1,1,S,3,Low,0,1,NO_SURVIVED,NO_SURVIVED
671,male,Mr,18_30_years,1,1,S,3,Mid,0,1,NO_SURVIVED,NO_SURVIVED
672,male,Mr,18_30_years,1,1,C,3,Low,0,1,NO_SURVIVED,NO_SURVIVED
673,male,Mr,18_30_years,1,1,C,3,Low,0,1,NO_SURVIVED,NO_SURVIVED
674,male,Mr,30_60_years,1,1,S,3,High,1,0,SURVIVED,SURVIVED
675,male,Mr,18_30_years,1,1,S,3,Low,0,1,NO_SURVIVED,NO_SURVIVED
676,male,Mr,12_18_years,1,1,S,3,Low,0,1,NO_SURVIVED,NO_SURVIVED
677,male,Mr,18_30_years,1,1,S,3,Low,0,1,NO_SURVIVED,NO_SURVIVED
678,male,Mr,<12_years,2,0,C,3,Mid,0,1,NO_SURVIVED,NO_SURVIVED
679,female,Mrs,<12_years,2,0,C,3,Mid,1,0,NO_SURVIVED,SURVIVED
680,male,Mr,18_30_years,1,1,C,3,Low,0,1,NO_SURVIVED,NO_SURVIVED
681,female,Mrs,<12_years,2,0,C,3,Mid,1,0,NO_SURVIVED,SURVIVED
682,female,Mrs,30_60_years,2,0,Q,3,Low,0,1,NO_SURVIVED,NO_SURVIVED
683,male,Mr,30_60_years,2,0,Q,3,Mid,0,1,NO_SURVIVED,NO_SURVIVED
684,female,Mrs,30_60_years,2,0,Q,3,Mid,0,1,NO_SURVIVED,NO_SURVIVED
685,male,Mr,18_30_years,1,1,S,3,Mid,0,1,NO_SURVIVED,NO_SURVIVED
686,female,Mrs,18_30_years,1,1,Q,3,Low,1,0,SURVIVED,SURVIVED
687,female,Mrs,18_30_years,1,1,S,3,Low,0,1,NO_SURVIVED,NO_SURVIVED
688,male,Mr,18_30_years,1,1,S,3,Low,0,1,NO_SURVIVED,NO_SURVIVED
689,male,Mr,18_30_years,1,1,S,3,Low,0,1,NO_SURVIVED,NO_SURVIVED
690,male,Mr,18_30_years,1,1,S,3,Low,0,1,NO_SURVIVED,NO_SURVIVED
691,male,Mr,30_60_years,1,1,S,3,Low,0,1,NO_SURVIVED,NO_SURVIVED
692,female,Mrs,18_30_years,1,1,Q,3,Low,0,1,NO_SURVIVED,NO_SURVIVED
693,male,Mr,18_30_years,1,1,Q,3,Low,1,0,SURVIVED,SURVIVED
694,male,Mr,18_30_years,1,1,Q,3,Low,0,1,NO_SURVIVED,NO_SURVIVED
695,female,Mrs,12_18_years,1,1,Q,3,Low,0,1,NO_SURVIVED,NO_SURVIVED
696,female,Mrs,18_30_years,1,1,S,3,Mid,0,1,NO_SURVIVED,NO_SURVIVED
697,female,Mrs,18_30_years,1,1,S,3,Mid,0,1,NO_SURVIVED,NO_SURVIVED
698,male,Mr,12_18_years,1,1,S,3,Mid,0,1,NO_SURVIVED,NO_SURVIVED
699,male,Mr,30_60_years,1,1,S,3,Mid,0,1,NO_SURVIVED,NO_SURVIVED
700,male,Mr,12_18_years,1,1,S,3,Mid,0,1,NO_SURVIVED,NO_SURVIVED
701,male,Mr,12_18_years,1,1,S,3,Mid,0,1,NO_SURVIVED,NO_SURVIVED
702,female,Mrs,18_30_years,1,1,Q,3,Low,0,1,NO_SURVIVED,NO_SURVIVED
703,male,Mr,18_30_years,1,1,Q,3,Low,0,1,NO_SURVIVED,NO_SURVIVED
704,male,Mr,18_30_years,1,1,S,3,Low,0,1,NO_SURVIVED,NO_SURVIVED
705,male,Mr,18_30_years,1,1,C,3,Mid,0,1,NO_SURVIVED,NO_SURVIVED
706,female,Mrs,18_30_years,1,1,C,3,Mid,0,1,NO_SURVIVED,NO_SURVIVED
707,male,Mr,18_30_years,1,1,S,3,Low,0,1,NO_SURVIVED,NO_SURVIVED
708,male,Mr,18_30_years,1,1,S,3,Low,0,1,NO_SURVIVED,NO_SURVIVED
709,female,Mrs,12_18_years,1,1,Q,3,Low,1,0,SURVIVED,SURVIVED
710,female,Mrs,30_60_years,1,1,Q,3,Low,0,1,NO_SURVIVED,NO_SURVIVED
711,male,Mr,18_30_years,1,1,S,3,Low,0,1,NO_SURVIVED,NO_SURVIVED
712,male,Mr,18_30_years,1,1,S,3,Low,0,1,NO_SURVIVED,NO_SURVIVED
713,male,Mr,18_30_years,1,1,Q,3,Low,0,1,NO_SURVIVED,NO_SURVIVED
714,male,Mr,30_60_years,1,1,S,3,High,1,0,SURVIVED,SURVIVED
715,male,Mr,18_30_years,1,1,S,3,Low,0,1,NO_SURVIVED,NO_SURVIVED
716,male,Mr,18_30_years,1,1,C,3,Mid,0,1,NO_SURVIVED,NO_SURVIVED
717,male,Mr,12_18_years,1,1,C,3,Mid,0,1,NO_SURVIVED,NO_SURVIVED
718,male,Mr,18_30_years,1,1,S,3,Low,0,1,NO_SURVIVED,NO_SURVIVED
719,male,Mr,12_18_years,1,1,S,3,Low,1,0,SURVIVED,SURVIVED
720,male,Mr,18_30_years,1,1,Q,3,Low,0,1,NO_SURVIVED,NO_SURVIVED
721,male,Mr,30_60_years,1,1,S,3,Low,0,1,NO_SURVIVED,NO_SURVIVED
722,male,Mr,18_30_years,1,1,S,3,Low,0,1,NO_SURVIVED,NO_SURVIVED
723,male,Mr,30_60_years,1,1,Q,3,Low,0,1,NO_SURVIVED,NO_SURVIVED
724,male,Mr,30_60_years,1,1,Q,3,Low,0,1,NO_SURVIVED,NO_SURVIVED
725,female,Mrs,18_30_years,1,1,Q,3,Low,1,0,SURVIVED,SURVIVED
726,female,Mrs,18_30_years,1,1,Q,3,Low,0,1,NO_SURVIVED,NO_SURVIVED
727,male,Mr,>60_years,1,1,Q,3,Low,0,1,NO_SURVIVED,NO_SURVIVED
728,male,Mr,30_60_years,1,1,S,3,Low,0,1,NO_SURVIVED,NO_SURVIVED
729,male,Mr,30_60_years,1,1,S,3,Low,0,1,NO_SURVIVED,NO_SURVIVED
730,male,Mr,18_30_years,1,1,S,3,Low,0,1,NO_SURVIVED,NO_SURVIVED
731,male,Mr,18_30_years,1,1,S,3,Low,0,1,NO_SURVIVED,NO_SURVIVED
732,male,Mr,18_30_years,1,1,S,3,Low,0,1,NO_SURVIVED,NO_SURVIVED
733,male,Mr,<12_years,2,0,S,3,Mid,1,0,SURVIVED,SURVIVED
734,male,Mr,<12_years,2,0,S,3,Mid,1,0,SURVIVED,SURVIVED
735,female,Mrs,30_60_years,2,0,S,3,Mid,1,0,SURVIVED,SURVIVED
736,male,Mr,30_60_years,1,1,S,3,Low,0,1,NO_SURVIVED,NO_SURVIVED
737,male,Mr,18_30_years,1,1,S,3,Low,0,1,NO_SURVIVED,NO_SURVIVED
738,female,Mrs,12_18_years,1,1,S,3,Mid,1,0,SURVIVED,SURVIVED
739,male,Mr,30_60_years,1,1,S,3,Mid,0,1,NO_SURVIVED,NO_SURVIVED
740,male,Mr,12_18_years,1,1,S,3,Mid,0,1,NO_SURVIVED,NO_SURVIVED
741,male,Mr,18_30_years,1,1,C,3,Low,0,1,NO_SURVIVED,NO_SURVIVED
742,male,Mr,30_60_years,1,1,S,3,Low,1,0,SURVIVED,SURVIVED
743,female,Mrs,18_30_years,1,1,S,3,Mid,0,1,NO_SURVIVED,NO_SURVIVED
744,male,Mr,18_30_years,1,1,S,3,Mid,0,1,NO_SURVIVED,NO_SURVIVED
745,female,Mrs,18_30_years,1,1,Q,3,Low,1,0,SURVIVED,SURVIVED
746,male,Mr,18_30_years,1,1,Q,3,Low,1,0,SURVIVED,SURVIVED
747,male,Mr,<12_years,2,0,S,3,Mid,0,1,NO_SURVIVED,NO_SURVIVED
748,male,Mr,30_60_years,2,0,S,3,Mid,0,1,NO_SURVIVED,NO_SURVIVED
749,female,Mrs,18_30_years,2,0,S,3,Mid,0,1,NO_SURVIVED,NO_SURVIVED
750,male,Mr,18_30_years,1,1,S,3,Low,0,1,NO_SURVIVED,NO_SURVIVED
751,male,Mr,18_30_years,1,1,S,3,Low,0,1,NO_SURVIVED,NO_SURVIVED
752,male,Mr,18_30_years,2,0,S,3,Mid,0,1,NO_SURVIVED,NO_SURVIVED
753,male,Mr,18_30_years,1,1,S,3,Low,0,1,NO_SURVIVED,NO_SURVIVED
754,male,Mr,18_30_years,2,0,S,3,Mid,0,1,NO_SURVIVED,NO_SURVIVED
755,male,Mr,12_18_years,2,0,S,3,Low,0,1,NO_SURVIVED,NO_SURVIVED
756,male,Mr,18_30_years,1,1,S,3,Mid,0,1,NO_SURVIVED,NO_SURVIVED
757,female,Mrs,18_30_years,1,1,S,3,Mid,1,0,SURVIVED,SURVIVED
758,male,Mr,30_60_years,1,1,S,3,Mid,1,0,SURVIVED,SURVIVED
759,female,Mrs,30_60_years,1,1,S,3,Mid,1,0,SURVIVED,SURVIVED
760,male,Mr,18_30_years,1,1,S,3,Mid,1,0,SURVIVED,SURVIVED
761,male,Mr,12_18_years,1,1,S,3,Mid,0,1,NO_SURVIVED,NO_SURVIVED
762,male,Mr,<12_years,3-5,0,S,3,Mid,1,0,SURVIVED,SURVIVED
763,female,Mrs,<12_years,3-5,0,S,3,Mid,1,0,SURVIVED,SURVIVED
764,male,Mr,18_30_years,3-5,0,S,3,Mid,0,1,NO_SURVIVED,NO_SURVIVED
765,female,Mrs,30_60_years,3-5,0,S,3,Mid,1,0,SURVIVED,SURVIVED
766,male,Mr,18_30_years,1,1,S,3,Low,0,1,NO_SURVIVED,NO_SURVIVED
767,male,Mr,18_30_years,1,1,S,3,Low,0,1,NO_SURVIVED,NO_SURVIVED
768,male,Mr,18_30_years,1,1,S,3,Low,0,1,NO_SURVIVED,NO_SURVIVED
769,male,Mr,18_30_years,1,1,S,3,Low,0,1,NO_SURVIVED,NO_SURVIVED
770,male,Mr,30_60_years,1,1,S,3,Low,0,1,NO_SURVIVED,NO_SURVIVED
771,female,Mrs,18_30_years,1,1,Q,3,Low,1,0,SURVIVED,SURVIVED
772,male,Mr,12_18_years,1,1,S,3,Low,0,1,NO_SURVIVED,NO_SURVIVED
773,male,Mr,30_60_years,1,1,S,3,Mid,0,1,NO_SURVIVED,NO_SURVIVED
774,male,Mr,30_60_years,1,1,S,3,Low,0,1,NO_SURVIVED,NO_SURVIVED
775,male,Mr,18_30_years,1,1,C,3,Low,0,1,NO_SURVIVED,NO_SURVIVED
776,male,Mr,30_60_years,1,1,Q,3,Low,0,1,NO_SURVIVED,NO_SURVIVED
777,male,Mr,18_30_years,1,1,S,3,Low,1,0,SURVIVED,SURVIVED
778,female,Mrs,18_30_years,1,1,S,3,Mid,1,0,SURVIVED,SURVIVED
779,female,Mrs,18_30_years,1,1,Q,3,Low,1,0,NO_SURVIVED,SURVIVED
780,female,Mrs,18_30_years,1,1,S,3,Low,1,0,SURVIVED,SURVIVED
781,male,Mr,30_60_years,1,1,C,3,Low,0,1,NO_SURVIVED,NO_SURVIVED
782,male,Mr,>60_years,1,1,Q,3,Low,0,1,NO_SURVIVED,NO_SURVIVED
783,male,Mr,18_30_years,1,1,S,3,Low,1,0,SURVIVED,SURVIVED
784,male,Mr,18_30_years,1,1,S,3,Mid,0,1,NO_SURVIVED,NO_SURVIVED
785,female,Mrs,18_30_years,1,1,S,3,Mid,1,0,SURVIVED,SURVIVED
786,male,Mr,12_18_years,1,1,S,3,Low,0,1,NO_SURVIVED,NO_SURVIVED
787,male,Mr,12_18_years,1,1,S,3,Low,0,1,NO_SURVIVED,NO_SURVIVED
788,male,Mr,30_60_years,1,1,S,3,Low,0,1,NO_SURVIVED,NO_SURVIVED
789,male,Mr,18_30_years,1,1,C,3,Low,0,1,NO_SURVIVED,NO_SURVIVED
790,male,Mr,30_60_years,2,0,C,3,Low,0,1,NO_SURVIVED,NO_SURVIVED
791,male,Mr,12_18_years,2,0,C,3,Low,0,1,NO_SURVIVED,NO_SURVIVED
792,male,Mr,12_18_years,2,0,C,3,Low,0,1,NO_SURVIVED,NO_SURVIVED
793,male,Mr,30_60_years,1,1,S,3,Low,0,1,NO_SURVIVED,NO_SURVIVED
794,female,Mrs,<12_years,1,1,S,3,Mid,1,0,SURVIVED,SURVIVED
795,male,Mr,18_30_years,1,1,C,3,Low,0,1,NO_SURVIVED,NO_SURVIVED
796,male,Mr,30_60_years,1,1,S,3,Mid,0,1,NO_SURVIVED,NO_SURVIVED
797,male,Mr,30_60_years,1,1,Q,3,Low,0,1,NO_SURVIVED,NO_SURVIVED
798,male,Mr,18_30_years,1,1,S,3,Low,0,1,SURVIVED,NO_SURVIVED
799,male,Mr,12_18_years,1,1,S,3,Low,0,1,NO_SURVIVED,NO_SURVIVED
800,female,Mrs,30_60_years,1,1,Q,3,Low,1,0,NO_SURVIVED,SURVIVED
801,male,Mr,30_60_years,1,1,Q,3,Low,0,1,NO_SURVIVED,NO_SURVIVED
802,male,Mr,30_60_years,1,1,Q,3,Low,0,1,NO_SURVIVED,NO_SURVIVED
803,male,Mr,18_30_years,1,1,Q,3,Low,0,1,NO_SURVIVED,NO_SURVIVED
804,male,Mr,30_60_years,1,1,Q,3,Low,0,1,NO_SURVIVED,NO_SURVIVED
805,male,Mr,18_30_years,1,1,S,3,High,1,0,SURVIVED,SURVIVED
806,female,Mrs,18_30_years,3-5,0,S,3,High,0,1,NO_SURVIVED,NO_SURVIVED
807,female,Mrs,<12_years,3-5,0,S,3,High,0,1,NO_SURVIVED,NO_SURVIVED
808,male,Mr,18_30_years,1,1,S,3,Low,0,1,NO_SURVIVED,NO_SURVIVED
809,male,Mr,12_18_years,3-5,0,S,3,High,0,1,NO_SURVIVED,NO_SURVIVED
810,male,Mr,12_18_years,3-5,0,S,3,High,0,1,NO_SURVIVED,NO_SURVIVED
811,female,Mrs,30_60_years,3-5,0,S,3,High,0,1,NO_SURVIVED,NO_SURVIVED
812,male,Mr,30_60_years,1,1,Q,3,Low,0,1,NO_SURVIVED,NO_SURVIVED
813,male,Mr,18_30_years,1,1,S,3,Low,0,1,NO_SURVIVED,NO_SURVIVED
814,male,Mr,18_30_years,1,1,Q,3,Low,0,1,NO_SURVIVED,NO_SURVIVED
815,male,Mr,30_60_years,1,1,S,3,Mid,0,1,NO_SURVIVED,NO_SURVIVED
816,male,Mr,18_30_years,1,1,C,3,Low,0,1,NO_SURVIVED,NO_SURVIVED
817,male,Mr,18_30_years,1,1,S,3,Low,0,1,NO_SURVIVED,NO_SURVIVED
818,female,Mrs,12_18_years,1,1,Q,3,Low,1,0,SURVIVED,SURVIVED
819,female,Mrs,30_60_years,1,1,Q,3,Low,1,0,SURVIVED,SURVIVED
820,male,Mr,<12_years,2,0,S,3,Mid,1,0,SURVIVED,SURVIVED
821,male,Mr,30_60_years,2,0,S,3,Mid,0,1,NO_SURVIVED,NO_SURVIVED
822,male,Mr,30_60_years,1,1,S,3,Low,0,1,NO_SURVIVED,NO_SURVIVED
823,female,Mrs,30_60_years,2,0,S,3,Mid,1,0,SURVIVED,SURVIVED
824,male,Mr,30_60_years,1,1,S,3,Low,0,1,NO_SURVIVED,NO_SURVIVED
825,male,Mr,<12_years,>5,0,S,3,High,0,1,NO_SURVIVED,NO_SURVIVED
826,male,Mr,<12_years,>5,0,S,3,High,0,1,NO_SURVIVED,NO_SURVIVED
827,male,Mr,<12_years,>5,0,S,3,High,0,1,NO_SURVIVED,NO_SURVIVED
828,female,Mrs,<12_years,>5,0,S,3,High,0,1,NO_SURVIVED,NO_SURVIVED
829,female,Mrs,12_18_years,>5,0,S,3,High,0,1,NO_SURVIVED,NO_SURVIVED
830,male,Mr,12_18_years,>5,0,S,3,High,0,1,NO_SURVIVED,NO_SURVIVED
831,male,Mr,30_60_years,>5,0,S,3,High,0,1,NO_SURVIVED,NO_SURVIVED
832,female,Mrs,30_60_years,>5,0,S,3,High,0,1,NO_SURVIVED,NO_SURVIVED
833,male,Mr,30_60_years,1,1,S,3,Low,0,1,NO_SURVIVED,NO_SURVIVED
834,male,Mr,30_60_years,1,1,S,3,Low,0,1,NO_SURVIVED,NO_SURVIVED
835,male,Mr,18_30_years,1,1,S,3,Low,0,1,NO_SURVIVED,NO_SURVIVED
836,male,Mr,18_30_years,1,1,S,3,Mid,0,1,NO_SURVIVED,NO_SURVIVED
837,male,Mr,30_60_years,2,0,S,3,Low,0,1,NO_SURVIVED,NO_SURVIVED
838,male,Mr,18_30_years,2,0,S,3,Low,0,1,NO_SURVIVED,NO_SURVIVED
839,male,Mr,18_30_years,1,1,S,3,Low,0,1,NO_SURVIVED,NO_SURVIVED
840,female,Mrs,18_30_years,1,1,S,3,Mid,0,1,NO_SURVIVED,NO_SURVIVED
841,female,Mrs,12_18_years,1,1,Q,3,Low,0,1,NO_SURVIVED,NO_SURVIVED
842,male,Mr,12_18_years,1,1,S,3,Mid,0,1,NO_SURVIVED,NO_SURVIVED
843,male,Mr,12_18_years,1,1,S,3,Mid,0,1,NO_SURVIVED,NO_SURVIVED
844,male,Mr,18_30_years,1,1,S,3,Mid,0,1,NO_SURVIVED,NO_SURVIVED
845,female,Mrs,18_30_years,1,1,S,3,Mid,1,0,SURVIVED,SURVIVED
846,male,Mr,18_30_years,1,1,S,3,Mid,0,1,NO_SURVIVED,NO_SURVIVED
847,male,Mr,18_30_years,1,1,C,3,Low,0,1,NO_SURVIVED,NO_SURVIVED
848,male,Mr,30_60_years,2,0,S,3,Mid,0,1,NO_SURVIVED,NO_SURVIVED
849,male,Mr,18_30_years,1,1,S,3,Low,0,1,NO_SURVIVED,NO_SURVIVED
850,male,Mr,18_30_years,1,1,S,3,Low,0,1,NO_SURVIVED,NO_SURVIVED
851,female,Mrs,30_60_years,1,1,S,3,Mid,1,0,SURVIVED,SURVIVED
852,female,Mrs,18_30_years,1,1,S,3,Low,0,1,NO_SURVIVED,NO_SURVIVED
853,male,Mr,18_30_years,1,1,S,3,Low,0,1,NO_SURVIVED,NO_SURVIVED
854,male,Mr,18_30_years,1,1,Q,3,Low,0,1,NO_SURVIVED,NO_SURVIVED
855,male,Mr,<12_years,1,1,C,3,Mid,0,1,NO_SURVIVED,NO_SURVIVED
856,female,Mrs,30_60_years,1,1,Q,3,Low,1,0,SURVIVED,SURVIVED
857,male,Mr,18_30_years,1,1,S,3,Low,1,0,SURVIVED,SURVIVED
858,male,Mr,18_30_years,1,1,S,3,High,1,0,SURVIVED,SURVIVED
859,female,Mrs,12_18_years,1,1,Q,3,Low,0,1,NO_SURVIVED,NO_SURVIVED
860,female,Mrs,18_30_years,1,1,S,3,Low,1,0,SURVIVED,SURVIVED
861,female,Mrs,18_30_years,1,1,S,3,Low,0,1,NO_SURVIVED,NO_SURVIVED
862,female,Mrs,18_30_years,1,1,S,3,Mid,1,0,SURVIVED,SURVIVED
863,male,Mr,18_30_years,1,1,S,3,Low,0,1,NO_SURVIVED,NO_SURVIVED
864,female,Mrs,18_30_years,1,1,S,3,Low,0,1,NO_SURVIVED,NO_SURVIVED
865,female,Mrs,30_60_years,1,1,Q,3,Low,1,0,NO_SURVIVED,SURVIVED
866,female,Mrs,<12_years,1,1,S,3,Mid,1,0,SURVIVED,SURVIVED
867,female,Mrs,18_30_years,2,0,S,3,Mid,1,0,SURVIVED,SURVIVED
868,male,Mr,30_60_years,1,1,S,3,Low,0,1,NO_SURVIVED,NO_SURVIVED
869,male,Mr,18_30_years,1,1,S,3,Mid,0,1,NO_SURVIVED,NO_SURVIVED
870,female,Mrs,18_30_years,1,1,S,3,Low,1,0,SURVIVED,SURVIVED
871,male,Mr,30_60_years,1,1,Q,3,Low,0,1,NO_SURVIVED,NO_SURVIVED
872,female,Mrs,18_30_years,1,1,S,3,Low,0,1,SURVIVED,NO_SURVIVED
873,male,Mr,30_60_years,1,1,S,3,Low,0,1,NO_SURVIVED,NO_SURVIVED
874,male,Mr,30_60_years,1,1,S,3,Low,1,0,SURVIVED,SURVIVED
875,male,Mr,18_30_years,1,1,C,3,Low,0,1,NO_SURVIVED,NO_SURVIVED
876,male,Mr,18_30_years,1,1,S,3,Low,0,1,NO_SURVIVED,NO_SURVIVED
877,female,Mrs,18_30_years,1,1,S,3,Low,1,0,NO_SURVIVED,SURVIVED
878,female,Mrs,18_30_years,1,1,S,3,Low,0,1,NO_SURVIVED,NO_SURVIVED
879,male,Mr,18_30_years,1,1,S,3,Low,0,1,NO_SURVIVED,NO_SURVIVED
880,male,Mr,18_30_years,1,1,C,3,Low,1,0,SURVIVED,SURVIVED
881,male,Mr,18_30_years,1,1,S,3,Low,1,0,SURVIVED,SURVIVED
882,male,Mr,18_30_years,1,1,S,3,Low,0,1,NO_SURVIVED,NO_SURVIVED
883,male,Mr,18_30_years,1,1,S,3,Low,0,1,NO_SURVIVED,NO_SURVIVED
884,male,Mr,30_60_years,1,1,S,3,Low,0,1,NO_SURVIVED,NO_SURVIVED
885,male,Mr,12_18_years,1,1,S,3,Low,0,1,NO_SURVIVED,NO_SURVIVED
886,female,Mrs,30_60_years,1,1,Q,3,Low,1,0,SURVIVED,SURVIVED
887,male,Mr,18_30_years,1,1,S,3,Low,1,0,SURVIVED,SURVIVED
888,male,Mr,30_60_years,1,1,S,3,Low,0,1,NO_SURVIVED,NO_SURVIVED
889,male,Mr,18_30_years,1,1,S,3,Low,0,1,SURVIVED,NO_SURVIVED
890,male,Mr,18_30_years,1,1,S,3,Low,0,1,NO_SURVIVED,NO_SURVIVED
891,male,Mr,30_60_years,1,1,S,3,Low,0,1,NO_SURVIVED,NO_SURVIVED
892,male,Mr,30_60_years,1,1,S,3,Low,0,1,NO_SURVIVED,NO_SURVIVED
893,male,Mr,18_30_years,1,1,S,3,Low,0,1,NO_SURVIVED,NO_SURVIVED
894,male,Mr,<12_years,2,0,S,3,Mid,1,0,SURVIVED,SURVIVED
895,female,Mrs,<12_years,2,0,S,3,Mid,1,0,SURVIVED,SURVIVED
896,male,Mr,30_60_years,1,1,S,3,Low,0,1,NO_SURVIVED,NO_SURVIVED
897,male,Mr,30_60_years,1,1,S,3,Low,0,1,NO_SURVIVED,NO_SURVIVED
898,male,Mr,18_30_years,1,1,S,3,Low,0,1,NO_SURVIVED,NO_SURVIVED
899,female,Mrs,18_30_years,2,0,S,3,Mid,1,0,SURVIVED,SURVIVED
900,male,Mr,12_18_years,3-5,0,S,3,Mid,0,1,NO_SURVIVED,NO_SURVIVED
901,female,Mrs,12_18_years,3-5,0,S,3,Mid,0,1,NO_SURVIVED,NO_SURVIVED
902,male,Mr,12_18_years,3-5,0,S,3,Mid,0,1,NO_SURVIVED,NO_SURVIVED
903,female,Mrs,12_18_years,3-5,0,S,3,Mid,0,1,NO_SURVIVED,NO_SURVIVED
904,male,Mr,18_30_years,1,1,S,3,Low,0,1,NO_SURVIVED,NO_SURVIVED
905,male,Mr,30_60_years,1,1,S,3,Low,1,0,SURVIVED,SURVIVED
906,male,Mr,18_30_years,1,1,S,3,Low,0,1,NO_SURVIVED,NO_SURVIVED
907,female,Mrs,18_30_years,1,1,S,3,Mid,0,1,NO_SURVIVED,NO_SURVIVED
908,female,Mrs,18_30_years,1,1,S,3,Mid,0,1,NO_SURVIVED,NO_SURVIVED
909,male,Mr,30_60_years,1,1,S,3,Low,0,1,SURVIVED,NO_SURVIVED
910,male,Mr,12_18_years,1,1,S,3,Low,0,1,NO_SURVIVED,NO_SURVIVED
911,male,Mr,18_30_years,1,1,S,3,Low,0,1,NO_SURVIVED,NO_SURVIVED
912,male,Mr,18_30_years,1,1,S,3,Low,0,1,NO_SURVIVED,NO_SURVIVED
913,male,Mr,18_30_years,1,1,S,3,Low,1,0,SURVIVED,SURVIVED
914,male,Mr,30_60_years,1,1,S,3,Low,0,1,NO_SURVIVED,NO_SURVIVED
915,male,Mr,18_30_years,1,1,S,3,Low,0,1,NO_SURVIVED,NO_SURVIVED
916,female,Mrs,<12_years,1,1,C,3,Mid,1,0,SURVIVED,SURVIVED
917,male,Mr,30_60_years,1,1,C,3,Mid,1,0,SURVIVED,SURVIVED
918,male,Mr,18_30_years,1,1,C,3,Low,0,1,NO_SURVIVED,NO_SURVIVED
919,male,Mr,18_30_years,1,1,C,3,Low,0,1,NO_SURVIVED,NO_SURVIVED
920,male,Mr,30_60_years,1,1,Q,3,Low,0,1,NO_SURVIVED,NO_SURVIVED
921,male,Mr,18_30_years,1,1,S,3,Low,0,1,NO_SURVIVED,NO_SURVIVED
922,female,Mrs,30_60_years,1,1,Q,3,Low,1,0,SURVIVED,SURVIVED
923,female,Mrs,30_60_years,1,1,Q,3,Low,1,0,SURVIVED,SURVIVED
924,male,Mr,30_60_years,1,1,Q,3,Low,0,1,NO_SURVIVED,NO_SURVIVED
925,male,Mr,30_60_years,1,1,S,3,Low,0,1,NO_SURVIVED,NO_SURVIVED
926,male,Mr,30_60_years,1,1,Q,3,Low,0,1,SURVIVED,NO_SURVIVED
927,male,Mr,18_30_years,1,1,C,3,Mid,0,1,NO_SURVIVED,NO_SURVIVED
928,female,Mrs,18_30_years,1,1,C,3,Mid,0,1,NO_SURVIVED,NO_SURVIVED
929,male,Mr,30_60_years,1,1,Q,3,Low,0,1,NO_SURVIVED,NO_SURVIVED
930,male,Mr,30_60_years,1,1,Q,3,Low,0,1,NO_SURVIVED,NO_SURVIVED
931,male,Mr,18_30_years,1,1,Q,3,Low,0,1,NO_SURVIVED,NO_SURVIVED
932,female,Mrs,18_30_years,2,0,S,3,Mid,0,1,NO_SURVIVED,NO_SURVIVED
933,male,Mr,18_30_years,2,0,S,3,Mid,0,1,NO_SURVIVED,NO_SURVIVED
934,female,Mrs,<12_years,2,0,S,3,Mid,1,0,SURVIVED,SURVIVED
935,male,Mr,18_30_years,3-5,0,S,3,Mid,1,0,SURVIVED,SURVIVED
936,female,Mrs,18_30_years,2,0,S,3,Mid,1,0,SURVIVED,SURVIVED
937,female,Mrs,<12_years,2,0,S,3,Mid,0,1,NO_SURVIVED,NO_SURVIVED
938,male,Mr,12_18_years,2,0,S,3,Low,0,1,NO_SURVIVED,NO_SURVIVED
939,female,Mrs,30_60_years,2,0,S,3,Mid,0,1,NO_SURVIVED,NO_SURVIVED
940,male,Mr,18_30_years,1,1,C,3,Low,0,1,NO_SURVIVED,NO_SURVIVED
941,male,Mr,18_30_years,1,1,C,3,Low,1,0,SURVIVED,SURVIVED
942,male,Mr,18_30_years,1,1,C,3,Low,0,1,NO_SURVIVED,NO_SURVIVED
943,female,Mrs,30_60_years,1,1,S,3,Mid,0,1,NO_SURVIVED,NO_SURVIVED
944,male,Mr,18_30_years,1,1,S,3,Low,0,1,NO_SURVIVED,NO_SURVIVED
945,male,Mr,18_30_years,1,1,S,3,High,1,0,SURVIVED,SURVIVED
946,male,Mr,18_30_years,1,1,S,3,High,1,0,NO_SURVIVED,SURVIVED
947,female,Mrs,18_30_years,1,1,S,3,Low,1,0,SURVIVED,SURVIVED
948,male,Mr,30_60_years,1,1,Q,3,Low,0,1,NO_SURVIVED,NO_SURVIVED
949,male,Mr,18_30_years,1,1,S,3,High,1,0,SURVIVED,SURVIVED
950,male,Mr,18_30_years,1,1,S,3,Mid,0,1,NO_SURVIVED,NO_SURVIVED
951,male,Mr,18_30_years,1,1,S,3,Low,0,1,NO_SURVIVED,NO_SURVIVED
952,male,Mr,18_30_years,1,1,S,3,Low,0,1,NO_SURVIVED,NO_SURVIVED
953,male,Mr,18_30_years,1,1,C,3,Low,1,0,SURVIVED,SURVIVED
954,male,Mr,30_60_years,3-5,0,S,3,Mid,0,1,NO_SURVIVED,NO_SURVIVED
955,female,Mrs,30_60_years,3-5,0,S,3,Mid,0,1,NO_SURVIVED,NO_SURVIVED
956,female,Mrs,30_60_years,3-5,0,S,3,Mid,0,1,NO_SURVIVED,NO_SURVIVED
957,female,Mrs,30_60_years,3-5,0,S,3,Mid,0,1,NO_SURVIVED,NO_SURVIVED
958,female,Mrs,30_60_years,3-5,0,S,3,Mid,0,1,NO_SURVIVED,NO_SURVIVED
959,male,Mr,30_60_years,1,1,S,3,Low,0,1,NO_SURVIVED,NO_SURVIVED
960,male,Mr,30_60_years,1,1,C,3,Low,0,1,NO_SURVIVED,NO_SURVIVED
961,female,Mrs,30_60_years,1,1,Q,3,Mid,1,0,NO_SURVIVED,SURVIVED
962,male,Mr,30_60_years,1,1,Q,3,Mid,0,1,NO_SURVIVED,NO_SURVIVED
963,male,Mr,30_60_years,1,1,S,3,Low,0,1,NO_SURVIVED,NO_SURVIVED
964,male,Mr,30_60_years,1,1,S,3,Mid,0,1,NO_SURVIVED,NO_SURVIVED
965,male,Mr,18_30_years,1,1,S,3,Mid,0,1,NO_SURVIVED,NO_SURVIVED
966,female,Mrs,18_30_years,1,1,S,3,Low,0,1,NO_SURVIVED,NO_SURVIVED
967,female,Mrs,30_60_years,1,1,S,3,Low,0,1,NO_SURVIVED,NO_SURVIVED
968,male,Mr,30_60_years,1,1,S,3,Mid,0,1,NO_SURVIVED,NO_SURVIVED
969,female,Mrs,18_30_years,1,1,S,3,Mid,0,1,NO_SURVIVED,NO_SURVIVED
970,male,Mr,18_30_years,1,1,S,3,Low,1,0,SURVIVED,SURVIVED
971,male,Mr,18_30_years,1,1,Q,3,Low,0,1,NO_SURVIVED,NO_SURVIVED
972,male,Mr,18_30_years,1,1,S,3,High,0,1,NO_SURVIVED,NO_SURVIVED
973,male,Mr,18_30_years,1,1,S,3,Low,0,1,NO_SURVIVED,NO_SURVIVED
974,male,Mr,18_30_years,1,1,S,3,Mid,0,1,NO_SURVIVED,NO_SURVIVED
975,female,Mrs,18_30_years,1,1,S,3,Mid,0,1,NO_SURVIVED,NO_SURVIVED
976,male,Mr,18_30_years,1,1,S,3,Low,0,1,NO_SURVIVED,NO_SURVIVED
977,male,Mr,18_30_years,1,1,S,3,Low,0,1,NO_SURVIVED,NO_SURVIVED
978,male,Mr,18_30_years,1,1,S,3,Mid,0,1,SURVIVED,NO_SURVIVED
979,male,Mr,30_60_years,1,1,S,3,Low,0,1,NO_SURVIVED,NO_SURVIVED
980,female,Mrs,18_30_years,1,1,S,3,Low,1,0,SURVIVED,SURVIVED
981,male,Mr,30_60_years,1,1,S,3,Low,1,0,SURVIVED,SURVIVED
982,male,Mr,18_30_years,1,1,S,3,Low,0,1,NO_SURVIVED,NO_SURVIVED
983,male,Mr,18_30_years,1,1,S,3,Low,0,1,NO_SURVIVED,NO_SURVIVED
984,female,Mrs,30_60_years,1,1,Q,3,Low,1,0,SURVIVED,SURVIVED
985,male,Mr,18_30_years,1,1,S,3,Low,1,0,SURVIVED,SURVIVED
986,male,Mr,18_30_years,1,1,S,3,Low,0,1,NO_SURVIVED,NO_SURVIVED
987,female,Mrs,18_30_years,1,1,Q,3,Low,1,0,NO_SURVIVED,SURVIVED
988,male,Mr,30_60_years,1,1,Q,3,Low,0,1,NO_SURVIVED,NO_SURVIVED
989,male,Mr,18_30_years,1,1,S,3,Low,0,1,NO_SURVIVED,NO_SURVIVED
990,male,Mr,18_30_years,1,1,S,3,Low,0,1,NO_SURVIVED,NO_SURVIVED
991,male,Mr,18_30_years,1,1,C,3,Low,0,1,SURVIVED,NO_SURVIVED
992,female,Mrs,30_60_years,1,1,Q,3,Low,0,1,NO_SURVIVED,NO_SURVIVED
993,female,Mrs,18_30_years,1,1,Q,3,Low,1,0,SURVIVED,SURVIVED
994,male,Mr,18_30_years,1,1,C,3,Low,0,1,NO_SURVIVED,NO_SURVIVED
995,male,Mr,30_60_years,1,1,C,3,Low,0,1,NO_SURVIVED,NO_SURVIVED
996,male,Mr,30_60_years,1,1,S,3,Low,0,1,NO_SURVIVED,NO_SURVIVED
997,female,Mrs,18_30_years,1,1,C,3,Low,1,0,SURVIVED,SURVIVED
998,male,Mr,18_30_years,1,1,C,3,Low,0,1,NO_SURVIVED,NO_SURVIVED
999,female,Mrs,30_60_years,1,1,Q,3,Low,1,0,SURVIVED,SURVIVED
1000,male,Mr,30_60_years,1,1,Q,3,Low,0,1,SURVIVED,NO_SURVIVED
1001,female,Mrs,18_30_years,2,0,Q,3,Mid,1,0,SURVIVED,SURVIVED
1002,female,Mrs,18_30_years,2,0,Q,3,Mid,1,0,SURVIVED,SURVIVED
1003,male,Mr,18_30_years,2,0,Q,3,Mid,1,0,SURVIVED,SURVIVED
1004,female,Mrs,18_30_years,1,1,Q,3,Low,1,0,SURVIVED,SURVIVED
1005,male,Mr,30_60_years,1,1,Q,3,Mid,0,1,NO_SURVIVED,NO_SURVIVED
1006,female,Mrs,18_30_years,1,1,Q,3,Low,1,0,SURVIVED,SURVIVED
1007,female,Mrs,12_18_years,1,1,Q,3,Low,1,0,SURVIVED,SURVIVED
1008,female,Mrs,30_60_years,1,1,Q,3,Low,0,1,NO_SURVIVED,NO_SURVIVED
1009,male,Mr,30_60_years,1,1,Q,3,Low,0,1,NO_SURVIVED,NO_SURVIVED
1010,male,Mr,18_30_years,1,1,S,3,Mid,0,1,NO_SURVIVED,NO_SURVIVED
1011,female,Mrs,18_30_years,1,1,S,3,Mid,0,1,NO_SURVIVED,NO_SURVIVED
1012,female,Mrs,30_60_years,1,1,Q,3,Low,1,0,NO_SURVIVED,SURVIVED
1013,female,Mrs,18_30_years,1,1,S,3,Low,0,1,NO_SURVIVED,NO_SURVIVED
1014,female,Mrs,18_30_years,1,1,S,3,Low,0,1,NO_SURVIVED,NO_SURVIVED
1015,male,Mr,30_60_years,1,1,S,3,Low,0,1,NO_SURVIVED,NO_SURVIVED
1016,male,Mr,30_60_years,1,1,Q,3,Low,0,1,NO_SURVIVED,NO_SURVIVED
1017,male,Mr,18_30_years,1,1,S,3,Low,0,1,SURVIVED,NO_SURVIVED
1018,male,Mr,18_30_years,1,1,S,3,Low,0,1,NO_SURVIVED,NO_SURVIVED
1019,male,Mr,18_30_years,1,1,S,3,Low,0,1,NO_SURVIVED,NO_SURVIVED
1020,male,Mr,18_30_years,1,1,S,3,Low,0,1,NO_SURVIVED,NO_SURVIVED
1021,male,Mr,18_30_years,1,1,S,3,Low,0,1,NO_SURVIVED,NO_SURVIVED
1022,male,Mr,18_30_years,1,1,S,3,Low,0,1,NO_SURVIVED,NO_SURVIVED
1023,female,Mrs,18_30_years,1,1,Q,3,Low,1,0,SURVIVED,SURVIVED
1024,male,Mr,18_30_years,1,1,S,3,Low,0,1,NO_SURVIVED,NO_SURVIVED
1025,male,Mr,<12_years,1,1,S,3,Mid,1,0,SURVIVED,SURVIVED
1026,female,Mrs,18_30_years,1,1,S,3,Mid,1,0,SURVIVED,SURVIVED
1027,male,Mr,18_30_years,1,1,S,3,Low,0,1,NO_SURVIVED,NO_SURVIVED
1028,female,Mrs,18_30_years,1,1,Q,3,Mid,1,0,SURVIVED,SURVIVED
1029,male,Mr,18_30_years,1,1,Q,3,Mid,0,1,NO_SURVIVED,NO_SURVIVED
1030,male,Mr,18_30_years,1,1,Q,3,Low,0,1,NO_SURVIVED,NO_SURVIVED
1031,male,Mr,30_60_years,1,1,S,3,Low,0,1,NO_SURVIVED,NO_SURVIVED
1032,male,Mr,30_60_years,1,1,Q,3,Low,0,1,NO_SURVIVED,NO_SURVIVED
1033,male,Mr,18_30_years,1,1,S,3,Low,0,1,SURVIVED,NO_SURVIVED
1034,male,Mr,<12_years,2,0,C,3,Mid,1,0,SURVIVED,SURVIVED
1035,male,Mr,<12_years,2,0,C,3,Mid,1,0,SURVIVED,SURVIVED
1036,female,Mrs,<12_years,2,0,C,3,Mid,1,0,SURVIVED,SURVIVED
1037,female,Mrs,18_30_years,1,1,C,3,Low,1,0,SURVIVED,SURVIVED
1038,male,Mr,18_30_years,1,1,S,3,Low,0,1,NO_SURVIVED,NO_SURVIVED
1039,female,Mrs,18_30_years,1,1,Q,3,Low,1,0,SURVIVED,SURVIVED
1040,female,Mrs,18_30_years,1,1,Q,3,Low,1,0,SURVIVED,SURVIVED
1041,male,Mr,18_30_years,1,1,S,3,Low,0,1,NO_SURVIVED,NO_SURVIVED
1042,female,Mrs,30_60_years,1,1,Q,3,Mid,1,0,SURVIVED,SURVIVED
1043,female,Mrs,30_60_years,1,1,Q,3,Mid,1,0,SURVIVED,SURVIVED
1044,female,Mrs,30_60_years,1,1,Q,3,Mid,1,0,SURVIVED,SURVIVED
1045,male,Mr,12_18_years,1,1,S,3,Low,0,1,NO_SURVIVED,NO_SURVIVED
1046,male,Mr,18_30_years,1,1,S,3,Low,0,1,NO_SURVIVED,NO_SURVIVED
1047,female,Mrs,12_18_years,1,1,C,3,Low,1,0,SURVIVED,SURVIVED
1048,female,Mrs,<12_years,2,0,C,3,Mid,1,0,SURVIVED,SURVIVED
1049,male,Mr,18_30_years,2,0,C,3,Mid,1,0,SURVIVED,SURVIVED
1050,female,Mrs,18_30_years,2,0,C,3,Mid,1,0,SURVIVED,SURVIVED
1051,male,Mr,30_60_years,1,1,S,3,Low,0,1,NO_SURVIVED,NO_SURVIVED
1052,male,Mr,18_30_years,1,1,S,3,Low,0,1,NO_SURVIVED,NO_SURVIVED
1053,male,Mr,18_30_years,1,1,C,3,Low,0,1,NO_SURVIVED,NO_SURVIVED
1054,female,Mrs,30_60_years,1,1,Q,3,Low,1,0,NO_SURVIVED,SURVIVED
1055,male,Mr,18_30_years,1,1,S,3,Low,0,1,NO_SURVIVED,NO_SURVIVED
1056,male,Mr,<12_years,1,1,C,3,Mid,1,0,SURVIVED,SURVIVED
1057,female,Mrs,12_18_years,1,1,C,3,Mid,1,0,SURVIVED,SURVIVED
1058,female,Mrs,18_30_years,1,1,S,3,Low,0,1,NO_SURVIVED,NO_SURVIVED
1059,male,Mr,18_30_years,1,1,S,3,Low,0,1,NO_SURVIVED,NO_SURVIVED
1060,female,Mrs,12_18_years,1,1,S,3,Low,1,0,SURVIVED,SURVIVED
1061,female,Mrs,18_30_years,1,1,S,3,Low,1,0,SURVIVED,SURVIVED
1062,male,Mr,18_30_years,1,1,S,3,Low,0,1,NO_SURVIVED,NO_SURVIVED
1063,male,Mr,30_60_years,1,1,S,3,Low,0,1,NO_SURVIVED,NO_SURVIVED
1064,male,Mr,30_60_years,1,1,S,3,Low,0,1,SURVIVED,NO_SURVIVED
1065,male,Mr,18_30_years,1,1,S,3,Low,0,1,NO_SURVIVED,NO_SURVIVED
1066,male,Mr,18_30_years,1,1,C,3,Low,0,1,NO_SURVIVED,NO_SURVIVED
1067,female,Mrs,18_30_years,1,1,S,3,Low,1,0,SURVIVED,SURVIVED
1068,male,Mr,>60_years,1,1,S,3,Low,0,1,NO_SURVIVED,NO_SURVIVED
1069,male,Mr,30_60_years,1,1,Q,3,Mid,0,1,NO_SURVIVED,NO_SURVIVED
1070,male,Mr,30_60_years,1,1,Q,3,Low,0,1,NO_SURVIVED,NO_SURVIVED
1071,female,Mrs,30_60_years,1,1,Q,3,Mid,1,0,SURVIVED,SURVIVED
1072,male,Mr,18_30_years,1,1,Q,3,Low,0,1,NO_SURVIVED,NO_SURVIVED
1073,male,Mr,30_60_years,1,1,Q,3,Low,0,1,NO_SURVIVED,NO_SURVIVED
1074,male,Mr,30_60_years,1,1,Q,3,Low,0,1,NO_SURVIVED,NO_SURVIVED
1075,male,Mr,18_30_years,1,1,S,3,Mid,0,1,NO_SURVIVED,NO_SURVIVED
1076,female,rare,30_60_years,1,1,Q,3,Low,0,1,NO_SURVIVED,NO_SURVIVED
1077,female,Mrs,30_60_years,1,1,Q,3,Low,1,0,SURVIVED,SURVIVED
1078,female,Mrs,18_30_years,1,1,Q,3,Low,1,0,SURVIVED,SURVIVED
1079,female,Mrs,18_30_years,1,1,S,3,Low,1,0,SURVIVED,SURVIVED
1080,male,Mr,30_60_years,1,1,Q,3,Low,0,1,SURVIVED,NO_SURVIVED
1081,female,Mrs,30_60_years,1,1,Q,3,Low,1,0,SURVIVED,SURVIVED
1082,male,Mr,<12_years,1,1,S,3,Low,1,0,SURVIVED,SURVIVED
1083,male,Mr,18_30_years,1,1,S,3,Mid,0,1,NO_SURVIVED,NO_SURVIVED
1084,male,Mr,30_60_years,1,1,S,3,Low,0,1,NO_SURVIVED,NO_SURVIVED
1085,male,Mr,18_30_years,1,1,S,3,Low,0,1,NO_SURVIVED,NO_SURVIVED
1086,female,Mrs,30_60_years,1,1,S,3,Low,0,1,NO_SURVIVED,NO_SURVIVED
1087,male,Mr,18_30_years,1,1,S,3,Low,0,1,NO_SURVIVED,NO_SURVIVED
1088,male,Mr,30_60_years,1,1,S,3,Low,1,0,SURVIVED,SURVIVED
1089,male,Mr,18_30_years,1,1,S,3,Mid,0,1,NO_SURVIVED,NO_SURVIVED
1090,female,Mrs,18_30_years,1,1,S,3,Mid,0,1,NO_SURVIVED,NO_SURVIVED
1091,female,Mrs,18_30_years,1,1,S,3,Mid,0,1,NO_SURVIVED,NO_SURVIVED
1092,male,Mr,18_30_years,1,1,S,3,Mid,0,1,NO_SURVIVED,NO_SURVIVED
1093,male,Mr,12_18_years,1,1,S,3,Mid,0,1,NO_SURVIVED,NO_SURVIVED
1094,female,Mrs,30_60_years,1,1,S,3,Mid,1,0,SURVIVED,SURVIVED
1095,female,Mrs,18_30_years,1,1,Q,3,Low,0,1,NO_SURVIVED,NO_SURVIVED
1096,male,Mr,<12_years,3-5,0,S,3,Mid,0,1,NO_SURVIVED,NO_SURVIVED
1097,male,Mr,<12_years,3-5,0,S,3,Mid,0,1,NO_SURVIVED,NO_SURVIVED
1098,female,Mrs,<12_years,3-5,0,S,3,Mid,0,1,NO_SURVIVED,NO_SURVIVED
1099,female,Mrs,<12_years,3-5,0,S,3,Mid,0,1,NO_SURVIVED,NO_SURVIVED
1100,female,Mrs,18_30_years,3-5,0,S,3,Mid,0,1,NO_SURVIVED,NO_SURVIVED
1101,male,Mr,<12_years,3-5,0,S,3,High,0,1,NO_SURVIVED,NO_SURVIVED
1102,male,Mr,<12_years,3-5,0,S,3,High,0,1,NO_SURVIVED,NO_SURVIVED
1103,male,Mr,<12_years,3-5,0,S,3,High,0,1,NO_SURVIVED,NO_SURVIVED
1104,male,Mr,12_18_years,3-5,0,S,3,High,0,1,NO_SURVIVED,NO_SURVIVED
1105,male,Mr,12_18_years,3-5,0,S,3,High,0,1,NO_SURVIVED,NO_SURVIVED
1106,female,Mrs,30_60_years,3-5,0,S,3,High,0,1,NO_SURVIVED,NO_SURVIVED
1107,male,Mr,18_30_years,1,1,S,3,Mid,0,1,NO_SURVIVED,NO_SURVIVED
1108,male,Mr,18_30_years,1,1,S,3,Mid,0,1,NO_SURVIVED,NO_SURVIVED
1109,male,Mr,18_30_years,1,1,C,3,Mid,0,1,NO_SURVIVED,NO_SURVIVED
1110,male,Mr,30_60_years,1,1,S,3,Low,0,1,NO_SURVIVED,NO_SURVIVED
1111,male,Mr,<12_years,2,0,S,3,Mid,0,1,NO_SURVIVED,NO_SURVIVED
1112,female,Mrs,<12_years,2,0,S,3,Mid,0,1,NO_SURVIVED,NO_SURVIVED
1113,female,Mrs,18_30_years,2,0,S,3,Mid,0,1,NO_SURVIVED,NO_SURVIVED
1114,male,Mr,30_60_years,1,1,S,3,Low,0,1,NO_SURVIVED,NO_SURVIVED
1115,male,Mr,18_30_years,1,1,S,3,Low,0,1,NO_SURVIVED,NO_SURVIVED
1116,male,Mr,18_30_years,1,1,S,3,Low,0,1,NO_SURVIVED,NO_SURVIVED
1117,male,Mr,18_30_years,1,1,S,3,Low,0,1,NO_SURVIVED,NO_SURVIVED
1118,male,Mr,18_30_years,1,1,S,3,Low,0,1,NO_SURVIVED,NO_SURVIVED
1119,male,Mr,18_30_years,1,1,S,3,Low,0,1,NO_SURVIVED,NO_SURVIVED
1120,male,Mr,18_30_years,1,1,S,3,Low,1,0,SURVIVED,SURVIVED
1121,male,Mr,18_30_years,2,0,C,3,Mid,1,0,SURVIVED,SURVIVED
1122,female,Mrs,18_30_years,2,0,C,3,Mid,1,0,SURVIVED,SURVIVED
1123,female,Mrs,18_30_years,2,0,C,3,Mid,1,0,SURVIVED,SURVIVED
1124,female,Mrs,30_60_years,1,1,Q,3,Low,0,1,NO_SURVIVED,NO_SURVIVED
1125,male,Mr,18_30_years,1,1,S,3,Low,0,1,NO_SURVIVED,NO_SURVIVED
1126,female,Mrs,18_30_years,1,1,S,3,Low,0,1,NO_SURVIVED,NO_SURVIVED
1127,male,Mr,18_30_years,1,1,S,3,Low,0,1,NO_SURVIVED,NO_SURVIVED
1128,male,Mr,18_30_years,1,1,S,3,Low,0,1,NO_SURVIVED,NO_SURVIVED
1129,male,Mr,18_30_years,1,1,S,3,Low,1,0,NO_SURVIVED,SURVIVED
1130,female,Mrs,12_18_years,1,1,S,3,Low,1,0,NO_SURVIVED,SURVIVED
1131,male,Mr,30_60_years,1,1,S,3,Low,0,1,SURVIVED,NO_SURVIVED
1132,male,Mr,18_30_years,1,1,S,3,Low,0,1,NO_SURVIVED,NO_SURVIVED
1133,male,Mr,12_18_years,1,1,S,3,Mid,0,1,NO_SURVIVED,NO_SURVIVED
1134,male,Mr,18_30_years,1,1,S,3,Mid,0,1,NO_SURVIVED,NO_SURVIVED
1135,male,Mr,18_30_years,1,1,S,3,Low,0,1,NO_SURVIVED,NO_SURVIVED
1136,female,Mrs,18_30_years,1,1,S,3,Low,0,1,NO_SURVIVED,NO_SURVIVED
1137,male,Mr,18_30_years,1,1,C,3,Low,0,1,NO_SURVIVED,NO_SURVIVED
1138,male,Mr,18_30_years,1,1,S,3,Low,0,1,NO_SURVIVED,NO_SURVIVED
1139,male,Mr,30_60_years,1,1,S,3,Low,0,1,NO_SURVIVED,NO_SURVIVED
1140,male,Mr,18_30_years,1,1,S,3,Low,0,1,NO_SURVIVED,NO_SURVIVED
1141,male,Mr,<12_years,3-5,0,Q,3,High,0,1,NO_SURVIVED,NO_SURVIVED
1142,male,Mr,<12_years,3-5,0,Q,3,High,0,1,NO_SURVIVED,NO_SURVIVED
1143,male,Mr,<12_years,3-5,0,Q,3,High,0,1,NO_SURVIVED,NO_SURVIVED
1144,male,Mr,<12_years,3-5,0,Q,3,High,0,1,NO_SURVIVED,NO_SURVIVED
1145,male,Mr,<12_years,3-5,0,Q,3,High,0,1,NO_SURVIVED,NO_SURVIVED
1146,female,Mrs,30_60_years,3-5,0,Q,3,High,0,1,NO_SURVIVED,NO_SURVIVED
1147,female,Mrs,18_30_years,1,1,S,3,High,0,1,NO_SURVIVED,NO_SURVIVED
1148,male,Mr,30_60_years,1,1,S,3,Low,0,1,NO_SURVIVED,NO_SURVIVED
1149,female,Mrs,18_30_years,1,1,Q,3,Low,1,0,SURVIVED,SURVIVED
1150,male,Mr,30_60_years,1,1,S,3,Mid,0,1,NO_SURVIVED,NO_SURVIVED
1151,female,Mrs,30_60_years,1,1,S,3,Mid,0,1,NO_SURVIVED,NO_SURVIVED
1152,male,Mr,30_60_years,1,1,S,3,Mid,0,1,NO_SURVIVED,NO_SURVIVED
1153,female,Mrs,30_60_years,1,1,S,3,Mid,0,1,NO_SURVIVED,NO_SURVIVED
1154,male,Mr,18_30_years,1,1,S,3,Low,0,1,NO_SURVIVED,NO_SURVIVED
1155,male,Mr,18_30_years,1,1,S,3,Low,0,1,NO_SURVIVED,NO_SURVIVED
1156,female,Mrs,<12_years,2,0,S,3,Mid,0,1,NO_SURVIVED,NO_SURVIVED
1157,male,Mr,12_18_years,2,0,S,3,Mid,0,1,NO_SURVIVED,NO_SURVIVED
1158,female,Mrs,30_60_years,2,0,S,3,Mid,0,1,NO_SURVIVED,NO_SURVIVED
1159,female,Mrs,18_30_years,1,1,S,3,Low,0,1,SURVIVED,NO_SURVIVED
1160,male,Mr,30_60_years,1,1,S,3,Low,0,1,NO_SURVIVED,NO_SURVIVED
1161,male,Mr,12_18_years,1,1,S,3,Low,1,0,NO_SURVIVED,SURVIVED
1162,male,Mr,30_60_years,1,1,Q,3,Low,0,1,SURVIVED,NO_SURVIVED
1163,male,Mr,18_30_years,1,1,Q,3,Mid,0,1,NO_SURVIVED,NO_SURVIVED
1164,male,Mr,18_30_years,1,1,C,3,Low,0,1,NO_SURVIVED,NO_SURVIVED
1165,male,Mr,18_30_years,1,1,C,3,Low,0,1,NO_SURVIVED,NO_SURVIVED
1166,male,Mr,18_30_years,1,1,C,3,Low,0,1,NO_SURVIVED,NO_SURVIVED
1167,male,Mr,18_30_years,1,1,Q,3,Low,0,1,NO_SURVIVED,NO_SURVIVED
1168,male,Mr,30_60_years,1,1,S,3,Low,0,1,NO_SURVIVED,NO_SURVIVED
1169,male,Mr,30_60_years,1,1,S,3,Low,0,1,NO_SURVIVED,NO_SURVIVED
1170,male,Mr,30_60_years,>5,0,S,3,High,0,1,NO_SURVIVED,NO_SURVIVED
1171,male,Mr,12_18_years,>5,0,S,3,High,0,1,NO_SURVIVED,NO_SURVIVED
1172,female,Mrs,30_60_years,>5,0,S,3,High,0,1,NO_SURVIVED,NO_SURVIVED
1173,female,Mrs,30_60_years,>5,0,S,3,High,0,1,NO_SURVIVED,NO_SURVIVED
1174,female,Mrs,30_60_years,>5,0,S,3,High,0,1,NO_SURVIVED,NO_SURVIVED
1175,female,Mrs,30_60_years,>5,0,S,3,High,0,1,NO_SURVIVED,NO_SURVIVED
1176,male,Mr,30_60_years,>5,0,S,3,High,0,1,NO_SURVIVED,NO_SURVIVED
1177,male,Mr,30_60_years,>5,0,S,3,High,0,1,NO_SURVIVED,NO_SURVIVED
1178,male,Mr,30_60_years,>5,0,S,3,High,0,1,NO_SURVIVED,NO_SURVIVED
1179,male,Mr,30_60_years,>5,0,S,3,High,0,1,NO_SURVIVED,NO_SURVIVED
1180,female,Mrs,30_60_years,>5,0,S,3,High,0,1,NO_SURVIVED,NO_SURVIVED
1181,male,Mr,18_30_years,1,1,S,3,Mid,0,1,NO_SURVIVED,NO_SURVIVED
1182,female,Mrs,18_30_years,1,1,S,3,Low,1,0,SURVIVED,SURVIVED
1183,male,Mr,30_60_years,1,1,S,3,Low,0,1,NO_SURVIVED,NO_SURVIVED
1184,male,Mr,18_30_years,2,0,C,3,Mid,0,1,NO_SURVIVED,NO_SURVIVED
1185,male,Mr,18_30_years,2,0,C,3,Mid,0,1,NO_SURVIVED,NO_SURVIVED
1186,male,Mr,18_30_years,2,0,C,3,Mid,0,1,NO_SURVIVED,NO_SURVIVED
1187,female,Mrs,<12_years,2,0,S,3,Mid,1,0,SURVIVED,SURVIVED
1188,female,Mrs,18_30_years,2,0,S,3,Mid,1,0,SURVIVED,SURVIVED
1189,female,Mrs,<12_years,2,0,S,3,Mid,1,0,SURVIVED,SURVIVED
1190,male,Mr,18_30_years,1,1,S,3,Mid,1,0,SURVIVED,SURVIVED
1191,male,Mr,18_30_years,1,1,S,3,Low,0,1,NO_SURVIVED,NO_SURVIVED
1192,male,Mr,18_30_years,1,1,S,3,Low,0,1,NO_SURVIVED,NO_SURVIVED
1193,male,Mr,18_30_years,1,1,Q,3,Low,0,1,NO_SURVIVED,NO_SURVIVED
1194,male,Mr,18_30_years,1,1,S,3,Low,0,1,NO_SURVIVED,NO_SURVIVED
1195,male,Mr,30_60_years,1,1,Q,3,Low,0,1,NO_SURVIVED,NO_SURVIVED
1196,male,Mr,18_30_years,1,1,S,3,Mid,1,0,SURVIVED,SURVIVED
1197,male,Mr,30_60_years,1,1,S,3,Mid,0,1,NO_SURVIVED,NO_SURVIVED
1198,female,Mrs,18_30_years,1,1,Q,3,Low,1,0,SURVIVED,SURVIVED
1199,male,Mr,18_30_years,1,1,S,3,Low,0,1,NO_SURVIVED,NO_SURVIVED
1200,male,Mr,18_30_years,1,1,S,3,Low,0,1,NO_SURVIVED,NO_SURVIVED
1201,male,Mr,18_30_years,1,1,C,3,Low,0,1,NO_SURVIVED,NO_SURVIVED
1202,male,Mr,18_30_years,1,1,S,3,Low,0,1,NO_SURVIVED,NO_SURVIVED
1203,male,Mr,30_60_years,1,1,S,3,Low,0,1,NO_SURVIVED,NO_SURVIVED
1204,male,Mr,18_30_years,1,1,S,3,Low,0,1,NO_SURVIVED,NO_SURVIVED
1205,female,Mrs,12_18_years,1,1,S,3,Low,1,0,SURVIVED,SURVIVED
1206,male,Mr,<12_years,3-5,0,S,3,High,0,1,NO_SURVIVED,NO_SURVIVED
1207,male,Mr,<12_years,3-5,0,S,3,High,0,1,NO_SURVIVED,NO_SURVIVED
1208,female,Mrs,<12_years,3-5,0,S,3,High,0,1,NO_SURVIVED,NO_SURVIVED
1209,female,Mrs,<12_years,3-5,0,S,3,High,0,1,NO_SURVIVED,NO_SURVIVED
1210,male,Mr,30_60_years,3-5,0,S,3,High,0,1,NO_SURVIVED,NO_SURVIVED
1211,female,Mrs,30_60_years,3-5,0,S,3,High,0,1,NO_SURVIVED,NO_SURVIVED
1212,male,Mr,18_30_years,1,1,S,3,Low,0,1,NO_SURVIVED,NO_SURVIVED
1213,male,Mr,18_30_years,1,1,S,3,Low,0,1,NO_SURVIVED,NO_SURVIVED
1214,male,Mr,18_30_years,1,1,S,3,Mid,0,1,NO_SURVIVED,NO_SURVIVED
1215,male,Mr,30_60_years,1,1,Q,3,Low,0,1,NO_SURVIVED,NO_SURVIVED
1216,female,Mrs,18_30_years,1,1,Q,3,Low,1,0,SURVIVED,SURVIVED
1217,male,Mr,18_30_years,1,1,S,3,Low,0,1,NO_SURVIVED,NO_SURVIVED
1218,male,Mr,18_30_years,1,1,S,3,Low,0,1,NO_SURVIVED,NO_SURVIVED
1219,male,Mr,18_30_years,1,1,S,3,Low,0,1,NO_SURVIVED,NO_SURVIVED
1220,male,Mr,30_60_years,1,1,S,3,Low,0,1,NO_SURVIVED,NO_SURVIVED
1221,male,Mr,18_30_years,1,1,S,3,Low,0,1,NO_SURVIVED,NO_SURVIVED
1222,male,Mr,30_60_years,1,1,C,3,Mid,0,1,NO_SURVIVED,NO_SURVIVED
1223,female,Mrs,18_30_years,1,1,S,3,Low,1,0,SURVIVED,SURVIVED
1224,male,Mr,18_30_years,1,1,S,3,Low,0,1,NO_SURVIVED,NO_SURVIVED
1225,male,Mr,>60_years,1,1,S,3,High,0,1,NO_SURVIVED,NO_SURVIVED
1226,male,Mr,18_30_years,1,1,S,3,Low,0,1,NO_SURVIVED,NO_SURVIVED
1227,female,Mrs,18_30_years,1,1,S,3,Mid,0,1,NO_SURVIVED,NO_SURVIVED
1228,male,Mr,30_60_years,1,1,S,3,Low,1,0,SURVIVED,SURVIVED
1229,male,Mr,18_30_years,1,1,S,3,Mid,0,1,NO_SURVIVED,NO_SURVIVED
1230,female,Mrs,<12_years,1,1,S,3,Mid,0,1,NO_SURVIVED,NO_SURVIVED
1231,female,Mrs,18_30_years,2,0,S,3,Mid,0,1,NO_SURVIVED,NO_SURVIVED
1232,male,Mr,12_18_years,1,1,S,3,Low,1,0,SURVIVED,SURVIVED
1233,male,Mr,30_60_years,1,1,S,3,Low,1,0,SURVIVED,SURVIVED
1234,male,Mr,18_30_years,1,1,S,3,Low,0,1,NO_SURVIVED,NO_SURVIVED
1235,male,Mr,>60_years,1,1,S,3,Low,0,1,NO_SURVIVED,NO_SURVIVED
1236,male,Mr,12_18_years,1,1,S,3,Mid,1,0,SURVIVED,SURVIVED
1237,male,Mr,18_30_years,1,1,S,3,Low,0,1,NO_SURVIVED,NO_SURVIVED
1238,male,Mr,18_30_years,1,1,S,3,Low,1,0,SURVIVED,SURVIVED
1239,male,Mr,30_60_years,1,1,S,3,Low,0,1,NO_SURVIVED,NO_SURVIVED
1240,male,Mr,<12_years,1,1,C,3,Low,1,0,SURVIVED,SURVIVED
1241,male,Mr,30_60_years,1,1,C,3,Low,0,1,NO_SURVIVED,NO_SURVIVED
1242,male,Mr,30_60_years,1,1,C,3,Low,0,1,NO_SURVIVED,NO_SURVIVED
1243,male,Mr,18_30_years,1,1,C,3,Low,0,1,NO_SURVIVED,NO_SURVIVED
1244,female,Mrs,12_18_years,2,0,C,3,Low,1,0,SURVIVED,SURVIVED
1245,male,Mr,18_30_years,1,1,S,3,Low,0,1,NO_SURVIVED,NO_SURVIVED
1246,male,Mr,18_30_years,1,1,S,3,Mid,0,1,NO_SURVIVED,NO_SURVIVED
1247,female,Mrs,18_30_years,1,1,S,3,Mid,1,0,SURVIVED,SURVIVED
1248,male,Mr,30_60_years,1,1,S,3,Low,0,1,NO_SURVIVED,NO_SURVIVED
1249,male,Mr,30_60_years,1,1,Q,3,Low,0,1,NO_SURVIVED,NO_SURVIVED
1250,male,Mr,18_30_years,1,1,S,3,Low,0,1,NO_SURVIVED,NO_SURVIVED
1251,male,Mr,30_60_years,1,1,S,3,Low,0,1,NO_SURVIVED,NO_SURVIVED
1252,male,Mr,30_60_years,1,1,S,3,Low,0,1,NO_SURVIVED,NO_SURVIVED
1253,male,Mr,18_30_years,1,1,C,3,Low,0,1,NO_SURVIVED,NO_SURVIVED
1254,male,Mr,18_30_years,1,1,S,3,Low,1,0,SURVIVED,SURVIVED
1255,male,Mr,18_30_years,1,1,C,3,Low,0,1,NO_SURVIVED,NO_SURVIVED
1256,male,Mr,<12_years,2,0,C,3,Mid,1,0,SURVIVED,SURVIVED
1257,female,Mrs,<12_years,2,0,C,3,Mid,1,0,SURVIVED,SURVIVED
1258,female,Mrs,18_30_years,2,0,C,3,Mid,1,0,SURVIVED,SURVIVED
1259,male,Mr,30_60_years,1,1,S,3,Low,0,1,NO_SURVIVED,NO_SURVIVED
1260,female,Mrs,12_18_years,1,1,S,3,Mid,1,0,SURVIVED,SURVIVED
1261,female,Mrs,>60_years,1,1,S,3,Mid,1,0,SURVIVED,SURVIVED
1262,male,Mr,30_60_years,2,0,S,3,Mid,0,1,NO_SURVIVED,NO_SURVIVED
1263,male,Mr,<12_years,2,0,S,3,Mid,0,1,NO_SURVIVED,NO_SURVIVED
1264,male,Mr,30_60_years,2,0,S,3,Mid,0,1,NO_SURVIVED,NO_SURVIVED
1265,female,Mrs,<12_years,2,0,S,3,Mid,0,1,NO_SURVIVED,NO_SURVIVED
1266,male,Mr,30_60_years,2,0,S,3,Mid,0,1,NO_SURVIVED,NO_SURVIVED
1267,female,Mrs,18_30_years,2,0,S,3,Mid,0,1,NO_SURVIVED,NO_SURVIVED
1268,male,Mr,18_30_years,1,1,S,3,Mid,0,1,NO_SURVIVED,NO_SURVIVED
1269,male,Mr,30_60_years,1,1,S,3,Mid,0,1,NO_SURVIVED,NO_SURVIVED
1270,male,Mr,18_30_years,1,1,S,3,Mid,0,1,NO_SURVIVED,NO_SURVIVED
1271,male,Mr,18_30_years,1,1,S,3,Mid,0,1,NO_SURVIVED,NO_SURVIVED
1272,male,Mr,30_60_years,1,1,S,3,Mid,0,1,NO_SURVIVED,NO_SURVIVED
1273,female,Mrs,12_18_years,2,0,S,3,Mid,0,1,NO_SURVIVED,NO_SURVIVED
1274,male,Mr,30_60_years,3-5,0,S,3,Mid,0,1,NO_SURVIVED,NO_SURVIVED
1275,male,Mr,12_18_years,2,0,S,3,Mid,0,1,NO_SURVIVED,NO_SURVIVED
1276,female,Mrs,30_60_years,1,1,S,3,Mid,0,1,NO_SURVIVED,NO_SURVIVED
1277,male,Mr,18_30_years,1,1,C,3,Low,1,0,SURVIVED,SURVIVED
1278,male,Mr,18_30_years,1,1,S,3,Low,0,1,NO_SURVIVED,NO_SURVIVED
1279,female,Mrs,12_18_years,1,1,S,3,Low,0,1,NO_SURVIVED,NO_SURVIVED
1280,male,Mr,18_30_years,1,1,S,3,Low,0,1,NO_SURVIVED,NO_SURVIVED
1281,male,Mr,18_30_years,1,1,S,3,Mid,0,1,NO_SURVIVED,NO_SURVIVED
1282,male,Mr,18_30_years,1,1,S,3,Low,0,1,NO_SURVIVED,NO_SURVIVED
1283,male,Mr,18_30_years,1,1,S,3,Low,0,1,NO_SURVIVED,NO_SURVIVED
1284,male,Mr,18_30_years,1,1,S,3,Low,0,1,NO_SURVIVED,NO_SURVIVED
1285,male,Mr,30_60_years,1,1,S,3,Mid,0,1,NO_SURVIVED,NO_SURVIVED
1286,female,Mrs,30_60_years,1,1,C,3,Low,1,0,SURVIVED,SURVIVED
1287,male,Mr,30_60_years,1,1,S,3,Low,0,1,NO_SURVIVED,NO_SURVIVED
1288,male,Mr,12_18_years,1,1,S,3,Low,0,1,NO_SURVIVED,NO_SURVIVED
1289,male,Mr,18_30_years,1,1,S,3,Low,0,1,NO_SURVIVED,NO_SURVIVED
1290,female,Mrs,30_60_years,1,1,S,3,Low,1,0,SURVIVED,SURVIVED
1291,male,Mr,18_30_years,1,1,S,3,Mid,0,1,NO_SURVIVED,NO_SURVIVED
1292,male,Mr,18_30_years,1,1,S,3,Low,0,1,NO_SURVIVED,NO_SURVIVED
1293,male,Mr,18_30_years,1,1,S,3,Low,0,1,NO_SURVIVED,NO_SURVIVED
1294,male,Mr,18_30_years,1,1,S,3,Mid,0,1,NO_SURVIVED,NO_SURVIVED
1295,male,Mr,18_30_years,1,1,S,3,Low,0,1,NO_SURVIVED,NO_SURVIVED
1296,male,Mr,18_30_years,1,1,S,3,Mid,0,1,NO_SURVIVED,NO_SURVIVED
1297,male,Mr,18_30_years,1,1,S,3,Low,0,1,NO_SURVIVED,NO_SURVIVED
1298,male,Mr,30_60_years,1,1,S,3,Mid,0,1,NO_SURVIVED,NO_SURVIVED
1299,male,Mr,18_30_years,1,1,C,3,Mid,0,1,NO_SURVIVED,NO_SURVIVED
1300,female,Mrs,12_18_years,1,1,C,3,Mid,1,0,SURVIVED,SURVIVED
1301,male,Mr,30_60_years,1,1,C,3,Low,0,1,NO_SURVIVED,NO_SURVIVED
1302,male,Mr,18_30_years,1,1,C,3,Low,0,1,NO_SURVIVED,NO_SURVIVED
1303,male,Mr,18_30_years,1,1,C,3,Mid,0,1,NO_SURVIVED,NO_SURVIVED
1304,female,Mrs,12_18_years,1,1,C,3,Mid,0,1,NO_SURVIVED,NO_SURVIVED
1305,female,Mrs,18_30_years,1,1,C,3,Mid,0,1,NO_SURVIVED,NO_SURVIVED
1306,male,Mr,18_30_years,1,1,C,3,Low,0,1,NO_SURVIVED,NO_SURVIVED
1307,male,Mr,18_30_years,1,1,C,3,Low,0,1,NO_SURVIVED,NO_SURVIVED
1308,male,Mr,18_30_years,1,1,S,3,Low,0,1,NO_SURVIVED,NO_SURVIVED
