id,gender,title,age,family_size,is_alone,embarked,class,ticket_price,survived
0,female,Mrs,29.0,0,1,S,1,211.3375,1
1,male,Mr,0.9167,3,0,S,1,151.55,1
2,female,Mrs,2.0,3,0,S,1,151.55,0
3,male,Mr,30.0,3,0,S,1,151.55,0
4,female,Mrs,25.0,3,0,S,1,151.55,0
5,male,Mr,48.0,0,1,S,1,26.55,1
6,female,Mrs,63.0,1,1,S,1,77.9583,1
7,male,Mr,39.0,0,1,S,1,0.0,0
8,female,Mrs,53.0,2,0,S,1,51.4792,1
9,male,Mr,71.0,0,1,C,1,49.5042,0
10,male,rare,47.0,1,1,C,1,227.525,0
11,female,Mrs,18.0,1,1,C,1,227.525,1
12,female,rare,24.0,0,1,C,1,69.3,1
13,female,Mrs,26.0,0,1,S,1,78.85,1
14,male,Mr,80.0,0,1,S,1,30.0,1
15,male,Mr,46.8,0,1,S,1,25.925,0
16,male,Mr,24.0,1,1,C,1,247.5208,0
17,female,Mrs,50.0,1,1,C,1,247.5208,1
18,female,Mrs,32.0,0,1,C,1,76.2917,1
19,male,Mr,36.0,0,1,C,1,75.2417,0
20,male,Mr,37.0,2,0,S,1,52.5542,1
21,female,Mrs,47.0,2,0,S,1,52.5542,1
22,male,Mr,26.0,0,1,C,1,30.0,1
23,female,Mrs,42.0,0,1,C,1,227.525,1
24,female,Mrs,29.0,0,1,S,1,221.7792,1
25,male,Mr,25.0,0,1,C,1,26.0,0
26,male,Mr,25.0,1,1,C,1,91.0792,1
27,female,Mrs,19.0,1,1,C,1,91.0792,1
28,female,Mrs,35.0,0,1,S,1,135.6333,1
29,male,Mr,28.0,0,1,S,1,26.55,1
30,male,Mr,45.0,0,1,S,1,35.5,0
31,male,Mr,40.0,0,1,C,1,31.0,1
32,female,Mrs,30.0,0,1,S,1,164.8667,1
33,female,Mrs,58.0,0,1,S,1,26.55,1
34,male,Mr,42.0,0,1,S,1,26.55,0
35,female,Mrs,45.0,0,1,C,1,262.375,1
36,female,Mrs,22.0,1,1,S,1,55.0,1
37,male,Mr,56.2,0,1,S,1,26.55,1
38,male,Mr,41.0,0,1,S,1,30.5,0
39,male,Mr,48.0,0,1,C,1,50.4958,0
40,male,rare,26.8,0,1,C,1,39.6,0
41,female,Mrs,44.0,0,1,C,1,27.7208,1
42,female,Mrs,59.0,2,0,S,1,51.4792,1
43,female,Mrs,60.0,0,1,C,1,76.2917,1
44,female,Mrs,41.0,0,1,C,1,134.5,1
45,male,rare,45.0,0,1,S,1,26.55,0
46,male,Mr,30.8,0,1,S,1,31.0,0
47,male,Mr,42.0,0,1,S,1,26.2875,1
48,female,Mrs,53.0,0,1,C,1,27.4458,1
49,male,Mr,36.0,1,1,C,1,512.3292,1
50,female,Mrs,58.0,1,1,C,1,512.3292,1
51,male,Mr,33.0,0,1,S,1,5.0,0
52,male,Mr,28.0,0,1,S,1,47.1,0
53,male,Mr,17.0,0,1,S,1,47.1,0
54,male,Mr,11.0,3,0,S,1,120.0,1
55,female,Mrs,14.0,3,0,S,1,120.0,1
56,male,Mr,36.0,3,0,S,1,120.0,1
57,female,Mrs,36.0,3,0,S,1,120.0,1
58,male,Mr,49.0,0,1,S,1,26.0,0
59,female,Mrs,35.3,0,1,C,1,27.7208,1
60,male,Mr,36.0,1,1,S,1,78.85,0
61,female,Mrs,76.0,1,1,S,1,78.85,1
62,male,Mr,46.0,1,1,S,1,61.175,0
63,female,Mrs,47.0,1,1,S,1,61.175,1
64,male,Mr,27.0,1,1,S,1,53.1,1
65,female,Mrs,33.0,1,1,S,1,53.1,1
66,female,Mrs,36.0,0,1,C,1,262.375,1
67,female,Mrs,30.0,0,1,S,1,86.5,1
68,male,Mr,45.0,0,1,C,1,29.7,1
69,female,Mrs,33.8,1,1,S,1,55.0,1
70,male,Mr,35.6,0,1,S,1,0.0,0
71,male,Mr,27.0,1,1,C,1,136.7792,0
72,female,Mrs,26.0,1,1,C,1,136.7792,1
73,female,Mrs,22.0,0,1,S,1,151.55,1
74,male,Mr,36.6,0,1,S,1,52.0,0
75,male,Mr,47.0,0,1,S,1,25.5875,0
76,female,Mrs,39.0,2,0,C,1,83.1583,1
77,male,Mr,37.0,2,0,C,1,83.1583,0
78,female,Mrs,64.0,2,0,C,1,83.1583,1
79,female,Mrs,55.0,2,0,S,1,25.7,1
80,male,Mr,56.2,0,1,S,1,26.55,0
81,male,rare,70.0,2,0,S,1,71.0,0
82,female,Mrs,36.0,2,0,S,1,71.0,1
83,female,Mrs,64.0,2,0,S,1,26.55,1
84,male,Mr,39.0,1,1,C,1,71.2833,0
85,female,Mrs,38.0,1,1,C,1,71.2833,1
86,male,Mr,51.0,0,1,S,1,26.55,1
87,male,Mr,27.0,0,1,S,1,30.5,1
88,female,Mrs,33.0,0,1,S,1,151.55,1
89,male,Mr,31.0,1,1,S,1,52.0,0
90,female,Mrs,27.0,3,0,S,1,52.0,1
91,male,Mr,31.0,1,1,S,1,57.0,1
92,female,Mrs,17.0,1,1,S,1,57.0,1
93,male,rare,53.0,2,0,S,1,81.8583,1
94,male,Mr,4.0,2,0,S,1,81.8583,1
95,female,Mrs,54.0,2,0,S,1,81.8583,1
96,male,Mr,50.0,1,1,C,1,106.425,0
97,female,Mrs,27.0,2,0,C,1,247.5208,1
98,female,Mrs,48.0,1,1,C,1,106.425,1
99,female,rare,48.0,1,1,C,1,39.6,1
100,male,rare,49.0,1,1,C,1,56.9292,1
101,male,Mr,39.0,0,1,C,1,29.7,0
102,female,Mrs,23.0,1,1,C,1,83.1583,1
103,female,Mrs,38.0,0,1,C,1,227.525,1
104,female,Mrs,54.0,1,1,C,1,78.2667,1
105,female,Mrs,36.0,0,1,C,1,31.6792,0
106,male,Mr,44.8,0,1,S,1,221.7792,0
107,female,Mrs,29.4,0,1,S,1,31.6833,1
108,female,Mrs,32.2,0,1,C,1,110.8833,1
109,male,Mr,36.0,0,1,S,1,26.3875,1
110,male,Mr,30.0,0,1,C,1,27.75,0
111,female,Mrs,24.0,5,0,S,1,263.0,1
112,female,Mrs,28.0,5,0,S,1,263.0,1
113,female,Mrs,23.0,5,0,S,1,263.0,1
114,male,Mr,19.0,5,0,S,1,263.0,0
115,male,Mr,64.0,5,0,S,1,263.0,0
116,female,Mrs,60.0,5,0,S,1,263.0,1
117,female,Mrs,30.0,0,1,C,1,56.9292,1
118,male,Mr,56.2,0,1,S,1,26.55,0
119,male,rare,50.0,2,0,S,1,133.65,1
120,male,Mr,43.0,1,1,C,1,27.7208,1
121,female,Mrs,34.4,1,1,S,1,133.65,1
122,female,Mrs,22.0,2,0,C,1,49.5,1
123,male,Mr,60.0,2,0,C,1,79.2,1
124,female,Mrs,48.0,2,0,C,1,79.2,1
125,male,Mr,35.6,0,1,S,1,0.0,0
126,male,Mr,37.0,1,1,S,1,53.1,0
127,female,Mrs,35.0,1,1,S,1,53.1,1
128,male,Mr,47.0,0,1,S,1,38.5,0
129,female,Mrs,35.0,0,1,C,1,211.5,1
130,female,Mrs,22.0,1,1,C,1,59.4,1
131,female,Mrs,45.0,1,1,C,1,59.4,1
132,male,Mr,24.0,0,1,C,1,79.2,0
133,male,Mr,49.0,1,1,C,1,89.1042,1
134,female,Mrs,39.8,1,1,C,1,89.1042,1
135,male,Mr,71.0,0,1,C,1,34.6542,0
136,male,rare,53.0,0,1,C,1,28.5,1
137,female,Mrs,19.0,0,1,S,1,30.0,1
138,male,Mr,38.0,1,1,S,1,153.4625,0
139,female,Mrs,58.0,1,1,S,1,153.4625,1
140,male,Mr,23.0,1,1,C,1,63.3583,1
141,female,Mrs,45.0,1,1,C,1,63.3583,1
142,male,Mr,46.0,0,1,C,1,79.2,0
143,male,Mr,25.0,1,1,C,1,55.4417,1
144,female,Mrs,25.0,1,1,C,1,55.4417,1
145,male,Mr,48.0,1,1,C,1,76.7292,1
146,female,Mrs,49.0,1,1,C,1,76.7292,1
147,male,Mr,27.8,0,1,S,1,42.4,0
148,male,Mr,45.0,1,1,S,1,83.475,0
149,female,Mrs,35.0,1,1,S,1,83.475,1
150,male,Mr,40.0,0,1,S,1,0.0,0
151,male,Mr,27.0,0,1,C,1,76.7292,1
152,male,Mr,41.0,0,1,S,1,30.0,1
153,female,Mrs,24.0,0,1,C,1,83.1583,1
154,male,Mr,55.0,2,0,S,1,93.5,0
155,female,Mrs,52.0,2,0,S,1,93.5,1
156,male,Mr,42.0,0,1,S,1,42.5,0
157,male,Mr,43.0,0,1,S,1,51.8625,0
158,male,Mr,55.0,0,1,S,1,50.0,0
159,female,Mrs,16.0,1,1,C,1,57.9792,1
160,female,Mrs,44.0,1,1,C,1,57.9792,1
161,female,Mrs,51.0,1,1,S,1,77.9583,1
162,male,Mr,42.0,1,1,S,1,52.0,0
163,female,Mrs,35.0,1,1,S,1,52.0,1
164,male,Mr,35.0,0,1,C,1,26.55,1
165,male,Mr,38.0,1,1,S,1,90.0,1
166,male,Mr,42.2,0,1,C,1,30.6958,0
167,female,Mrs,35.0,1,1,S,1,90.0,1
168,female,Mrs,38.0,0,1,S,1,80.0,1
169,female,Mrs,50.0,0,1,C,1,28.7125,0
170,male,Mr,49.0,0,1,S,1,0.0,1
171,male,Mr,46.0,0,1,S,1,26.0,0
172,male,Mr,50.0,0,1,S,1,26.0,0
173,male,Mr,32.5,0,1,C,1,211.5,0
174,male,Mr,58.0,0,1,C,1,29.7,0
175,male,Mr,41.0,1,1,S,1,51.8625,0
176,female,Mrs,43.0,1,1,S,1,51.8625,1
177,male,Mr,42.0,1,1,S,1,52.5542,1
178,female,Mrs,45.0,1,1,S,1,52.5542,1
179,male,Mr,56.2,0,1,S,1,26.55,0
180,female,Mrs,39.0,0,1,S,1,211.3375,1
181,female,rare,49.0,0,1,S,1,25.9292,1
182,female,Mrs,30.0,0,1,C,1,106.425,1
183,male,Mr,35.0,0,1,C,1,512.3292,1
184,male,Mr,35.3,0,1,C,1,27.7208,0
185,male,Mr,42.0,0,1,S,1,26.55,0
186,female,Mrs,55.0,0,1,C,1,27.7208,1
187,female,Mrs,16.0,1,1,S,1,39.4,1
188,female,Mrs,51.0,1,1,S,1,39.4,1
189,male,Mr,29.0,0,1,S,1,30.0,0
190,female,Mrs,21.0,0,1,S,1,77.9583,1
191,male,Mr,30.0,0,1,S,1,45.5,0
192,female,Mrs,58.0,0,1,C,1,146.5208,1
193,female,Mrs,15.0,1,1,S,1,211.3375,1
194,male,Mr,30.0,0,1,S,1,26.0,0
195,female,Mrs,16.0,0,1,S,1,86.5,1
196,male,Mr,41.0,0,1,C,1,29.7,1
197,male,Mr,19.0,1,1,S,1,53.1,0
198,female,Mrs,18.0,1,1,S,1,53.1,1
199,female,rare,24.0,0,1,C,1,49.5042,1
200,male,Mr,46.0,0,1,C,1,75.2417,0
201,male,Mr,54.0,0,1,S,1,51.8625,0
202,male,Mr,36.0,0,1,S,1,26.2875,1
203,male,Mr,28.0,1,1,C,1,82.1708,0
204,female,Mrs,26.4,1,1,C,1,82.1708,1
205,male,Mr,65.0,0,1,S,1,26.55,0
206,male,rare,44.0,2,0,Q,1,90.0,0
207,female,Mrs,33.0,1,1,Q,1,90.0,1
208,female,Mrs,37.0,1,1,Q,1,90.0,1
209,male,Mr,30.0,1,1,C,1,57.75,1
210,male,Mr,55.0,0,1,S,1,30.5,0
211,male,Mr,47.0,0,1,S,1,42.4,0
212,male,Mr,37.0,1,1,C,1,29.7,0
213,female,Mrs,31.0,1,1,C,1,113.275,1
214,female,Mrs,23.0,1,1,C,1,113.275,1
215,male,Mr,58.0,2,0,C,1,113.275,0
216,female,Mrs,19.0,2,0,S,1,26.2833,1
217,male,Mr,64.0,0,1,S,1,26.0,0
218,female,rare,39.0,0,1,C,1,108.9,1
219,male,Mr,49.8,0,1,C,1,25.7417,1
220,female,Mrs,22.0,1,1,C,1,61.9792,1
221,male,Mr,65.0,1,1,C,1,61.9792,0
222,male,Mr,28.5,0,1,C,1,27.7208,0
223,male,Mr,35.6,0,1,S,1,0.0,0
224,male,Mr,45.5,0,1,S,1,28.5,0
225,male,Mr,23.0,0,1,S,1,93.5,0
226,male,Mr,29.0,1,1,S,1,66.6,0
227,female,Mrs,22.0,1,1,S,1,66.6,1
228,male,Mr,18.0,1,1,C,1,108.9,0
229,female,Mrs,17.0,1,1,C,1,108.9,1
230,female,Mrs,30.0,0,1,S,1,93.5,1
231,male,rare,52.0,0,1,S,1,30.5,1
232,male,Mr,47.0,0,1,S,1,52.0,0
233,female,Mrs,56.0,1,1,C,1,83.1583,1
234,male,rare,38.0,0,1,S,1,0.0,0
235,male,Mr,26.8,0,1,S,1,39.6,1
236,male,Mr,22.0,0,1,C,1,135.6333,0
237,male,Mr,42.4,0,1,C,1,227.525,0
238,female,Mrs,43.0,1,1,S,1,211.3375,1
239,male,Mr,31.0,0,1,S,1,50.4958,0
240,male,Mr,45.0,0,1,S,1,26.55,1
241,male,Mr,45.8,0,1,S,1,50.0,0
242,female,Mrs,33.0,0,1,C,1,27.7208,1
243,male,Mr,46.0,0,1,C,1,79.2,0
244,male,Mr,36.0,0,1,C,1,40.125,0
245,female,rare,33.0,0,1,S,1,86.5,1
246,male,Mr,55.0,1,1,C,1,59.4,0
247,female,Mrs,54.0,1,1,C,1,59.4,1
248,male,Mr,33.0,0,1,S,1,26.55,0
249,male,Mr,13.0,4,0,C,1,262.375,1
250,female,Mrs,18.0,4,0,C,1,262.375,1
251,female,Mrs,21.0,4,0,C,1,262.375,1
252,male,Mr,61.0,4,0,C,1,262.375,0
253,female,Mrs,48.0,4,0,C,1,262.375,1
254,male,Mr,41.4,0,1,S,1,30.5,1
255,female,rare,24.0,0,1,C,1,69.3,1
256,male,Mr,19.4,0,1,S,1,26.0,1
257,female,Mrs,35.0,1,1,C,1,57.75,1
258,female,Mrs,30.0,0,1,C,1,31.0,1
259,male,Mr,34.0,0,1,S,1,26.55,1
260,female,Mrs,40.0,0,1,S,1,153.4625,1
261,male,Mr,35.0,0,1,S,1,26.2875,1
262,male,Mr,50.0,1,1,S,1,55.9,0
263,female,Mrs,39.0,1,1,S,1,55.9,1
264,male,rare,56.0,0,1,C,1,35.5,1
265,male,Mr,28.0,0,1,S,1,35.5,1
266,male,Mr,56.0,0,1,S,1,26.55,0
267,male,Mr,56.0,0,1,C,1,30.6958,0
268,male,Mr,24.0,1,1,S,1,60.0,0
269,male,Mr,19.4,0,1,S,1,26.0,0
270,female,Mrs,18.0,1,1,S,1,60.0,1
271,male,Mr,24.0,1,1,S,1,82.2667,1
272,female,Mrs,23.0,1,1,S,1,82.2667,1
273,male,Mr,6.0,2,0,C,1,134.5,1
274,male,Mr,45.0,2,0,C,1,134.5,1
275,female,Mrs,40.0,2,0,C,1,134.5,1
276,male,Mr,57.0,1,1,C,1,146.5208,0
277,female,Mrs,32.8,1,1,C,1,146.5208,1
278,male,rare,32.0,0,1,C,1,30.5,1
279,male,Mr,62.0,0,1,S,1,26.55,0
280,male,Mr,54.0,1,1,C,1,55.4417,1
281,female,Mrs,43.0,1,1,C,1,55.4417,1
282,female,Mrs,52.0,1,1,C,1,78.2667,1
283,male,Mr,35.3,0,1,C,1,27.7208,0
284,female,Mrs,62.0,0,1,S,1,80.0,1
285,male,Mr,67.0,1,1,S,1,221.7792,0
286,female,Mrs,63.0,1,1,S,1,221.7792,0
287,male,Mr,61.0,0,1,S,1,32.3208,0
288,female,Mrs,48.0,0,1,S,1,25.9292,1
289,female,Mrs,18.0,2,0,S,1,79.65,1
290,male,Mr,52.0,2,0,S,1,79.65,0
291,female,Mrs,39.0,2,0,S,1,79.65,1
292,male,Mr,48.0,1,1,S,1,52.0,1
293,female,Mrs,36.6,1,1,S,1,52.0,1
294,male,Mr,49.0,2,0,C,1,110.8833,0
295,male,Mr,17.0,2,0,C,1,110.8833,1
296,female,Mrs,39.0,2,0,C,1,110.8833,1
297,female,Mrs,44.8,0,1,C,1,79.2,1
298,male,Mr,31.0,0,1,C,1,28.5375,1
299,male,rare,40.0,0,1,C,1,27.7208,0
300,male,Mr,61.0,0,1,S,1,33.5,0
301,male,Mr,47.0,0,1,S,1,34.0208,0
302,female,Mrs,35.0,0,1,C,1,512.3292,1
303,male,Mr,64.0,1,1,C,1,75.25,0
304,female,Mrs,60.0,1,1,C,1,75.25,1
305,male,rare,60.0,0,1,S,1,26.55,0
306,male,Mr,54.0,1,1,S,1,77.2875,0
307,male,Mr,21.0,1,1,S,1,77.2875,0
308,female,Mrs,55.0,0,1,C,1,135.6333,1
309,female,Mrs,31.0,2,0,S,1,164.8667,1
310,male,Mr,57.0,2,0,S,1,164.8667,0
311,female,Mrs,45.0,2,0,S,1,164.8667,1
312,male,Mr,50.0,2,0,C,1,211.5,0
313,male,Mr,27.0,2,0,C,1,211.5,0
314,female,Mrs,50.0,2,0,C,1,211.5,1
315,female,Mrs,21.0,0,1,S,1,26.55,1
316,male,Mr,51.0,1,1,C,1,61.3792,0
317,male,Mr,21.0,1,1,C,1,61.3792,1
318,male,Mr,49.6,0,1,S,1,35.0,0
319,female,Mrs,31.0,0,1,C,1,134.5,1
320,male,Mr,43.2,0,1,S,1,35.5,1
321,male,Mr,62.0,0,1,S,1,26.55,0
322,female,Mrs,36.0,0,1,C,1,135.6333,1
323,male,Mr,30.0,1,1,C,2,24.0,0
324,female,Mrs,28.0,1,1,C,2,24.0,1
325,male,Mr,30.0,0,1,S,2,13.0,0
326,male,Mr,18.0,0,1,S,2,11.5,0
327,male,Mr,25.0,0,1,S,2,10.5,0
328,male,Mr,34.0,1,1,S,2,26.0,0
329,female,Mrs,36.0,1,1,S,2,26.0,1
330,male,Mr,57.0,0,1,S,2,13.0,0
331,male,Mr,18.0,0,1,S,2,11.5,0
332,male,Mr,23.0,0,1,S,2,10.5,0
333,female,Mrs,36.0,0,1,S,2,13.0,1
334,male,Mr,28.0,0,1,S,2,10.5,0
335,male,rare,51.0,0,1,S,2,12.525,0
336,male,Mr,32.0,1,1,S,2,26.0,1
337,female,Mrs,19.0,1,1,S,2,26.0,1
338,male,Mr,28.0,0,1,S,2,26.0,0
339,male,Mr,1.0,3,0,S,2,39.0,1
340,female,Mrs,4.0,3,0,S,2,39.0,1
341,female,Mrs,12.0,3,0,S,2,39.0,1
342,female,Mrs,36.0,3,0,S,2,39.0,1
343,male,Mr,34.0,0,1,S,2,13.0,1
344,female,Mrs,19.0,0,1,S,2,13.0,1
345,male,Mr,23.0,0,1,S,2,13.0,0
346,male,Mr,26.0,0,1,S,2,13.0,0
347,male,Mr,42.0,0,1,S,2,13.0,0
348,male,Mr,27.0,0,1,S,2,13.0,0
349,female,Mrs,24.0,0,1,S,2,13.0,1
350,female,Mrs,15.0,2,0,S,2,39.0,1
351,male,Mr,60.0,2,0,S,2,39.0,0
352,female,Mrs,40.0,2,0,S,2,39.0,1
353,female,Mrs,20.0,1,1,S,2,26.0,1
354,male,Mr,25.0,1,1,S,2,26.0,0
355,female,Mrs,36.0,0,1,S,2,13.0,1
356,male,Mr,25.0,0,1,S,2,13.0,0
357,male,rare,42.0,0,1,S,2,13.0,0
358,female,Mrs,42.0,0,1,S,2,13.0,1
359,male,Mr,0.8333,2,0,S,2,29.0,1
360,male,Mr,26.0,2,0,S,2,29.0,1
361,female,Mrs,22.0,2,0,S,2,29.0,1
362,female,Mrs,35.0,0,1,S,2,21.0,1
363,male,Mr,35.6,0,1,S,2,0.0,0
364,male,Mr,19.0,0,1,S,2,13.0,0
365,female,Mrs,44.0,1,1,S,2,26.0,0
366,male,rare,54.0,1,1,S,2,26.0,0
367,male,Mr,52.0,0,1,S,2,13.5,0
368,male,Mr,37.0,1,1,S,2,26.0,0
369,female,Mrs,29.0,1,1,S,2,26.0,0
370,female,Mrs,25.0,2,0,S,2,30.0,1
371,female,Mrs,45.0,2,0,S,2,30.0,1
372,male,Mr,29.0,1,1,S,2,26.0,0
373,female,Mrs,28.0,1,1,S,2,26.0,1
374,male,Mr,29.0,0,1,S,2,10.5,0
375,male,Mr,28.0,0,1,S,2,13.0,0
376,male,Mr,24.0,0,1,S,2,10.5,1
377,female,Mrs,8.0,2,0,S,2,26.25,1
378,male,Mr,31.0,2,0,S,2,26.25,0
379,female,Mrs,31.0,2,0,S,2,26.25,1
380,female,Mrs,22.0,0,1,S,2,10.5,1
381,female,Mrs,30.0,0,1,S,2,13.0,0
382,female,Mrs,34.2,0,1,S,2,21.0,0
383,male,Mr,21.0,0,1,S,2,11.5,0
384,male,Mr,35.6,0,1,S,2,0.0,0
385,male,Mr,8.0,2,0,S,2,36.75,1
386,male,Mr,18.0,0,1,S,2,73.5,0
387,female,Mrs,48.0,2,0,S,2,36.75,1
388,female,Mrs,28.0,0,1,S,2,13.0,1
389,male,Mr,32.0,0,1,S,2,13.0,0
390,male,Mr,17.0,0,1,S,2,73.5,0
391,male,Mr,29.0,1,1,C,2,27.7208,0
392,female,Mrs,24.0,1,1,C,2,27.7208,1
393,male,Mr,25.0,0,1,S,2,31.5,0
394,male,Mr,18.0,0,1,S,2,73.5,0
395,female,Mrs,18.0,1,1,S,2,23.0,1
396,female,Mrs,34.0,1,1,S,2,23.0,1
397,male,Mr,54.0,0,1,S,2,26.0,0
398,male,Mr,8.0,2,0,S,2,32.5,1
399,male,Mr,42.0,2,0,S,2,32.5,0
400,female,Mrs,34.0,2,0,S,2,32.5,1
401,female,Mrs,27.0,1,1,C,2,13.8583,1
402,female,Mrs,30.0,1,1,C,2,13.8583,1
403,male,Mr,23.0,0,1,S,2,13.0,0
404,male,Mr,21.0,0,1,S,2,13.0,0
405,male,Mr,18.0,0,1,S,2,13.0,0
406,male,Mr,40.0,1,1,S,2,26.0,0
407,female,Mrs,29.0,1,1,S,2,26.0,1
408,male,Mr,18.0,0,1,S,2,10.5,0
409,male,Mr,36.0,0,1,S,2,13.0,0
410,male,Mr,35.6,0,1,S,2,0.0,0
411,female,Mrs,38.0,0,1,S,2,13.0,0
412,male,Mr,35.0,0,1,S,2,26.0,0
413,male,Mr,38.0,1,1,S,2,21.0,0
414,male,Mr,34.0,1,1,S,2,21.0,0
415,female,Mrs,34.0,0,1,S,2,13.0,1
416,male,Mr,16.0,0,1,S,2,26.0,0
417,male,Mr,26.0,0,1,S,2,10.5,0
418,male,Mr,47.0,0,1,S,2,10.5,0
419,male,Mr,21.0,1,1,S,2,11.5,0
420,male,Mr,21.0,1,1,S,2,11.5,0
421,male,Mr,24.0,0,1,S,2,13.5,0
422,male,Mr,24.0,0,1,S,2,13.0,0
423,male,Mr,34.0,0,1,S,2,13.0,0
424,male,Mr,30.0,0,1,S,2,13.0,0
425,male,Mr,52.0,0,1,S,2,13.0,0
426,male,Mr,30.0,0,1,S,2,13.0,0
427,male,Mr,0.6667,2,0,S,2,14.5,1
428,female,Mrs,24.0,2,0,S,2,14.5,1
429,male,Mr,44.0,0,1,S,2,13.0,0
430,female,Mrs,6.0,1,1,S,2,33.0,1
431,male,rare,28.0,1,1,S,2,33.0,0
432,male,Mr,62.0,0,1,S,2,10.5,1
433,male,Mr,30.0,0,1,S,2,10.5,0
434,female,Mrs,7.0,2,0,S,2,26.25,1
435,male,Mr,43.0,2,0,S,2,26.25,0
436,female,Mrs,45.0,2,0,S,2,26.25,1
437,female,Mrs,24.0,3,0,S,2,65.0,1
438,female,Mrs,24.0,3,0,S,2,65.0,1
439,male,Mr,49.0,3,0,S,2,65.0,0
440,female,Mrs,48.0,3,0,S,2,65.0,1
441,female,Mrs,55.0,0,1,S,2,16.0,1
442,male,Mr,24.0,2,0,S,2,73.5,0
443,male,Mr,32.0,2,0,S,2,73.5,0
444,male,Mr,21.0,2,0,S,2,73.5,0
445,female,Mrs,18.0,2,0,S,2,13.0,0
446,female,Mrs,20.0,3,0,S,2,23.0,1
447,male,Mr,23.0,3,0,S,2,11.5,0
448,male,Mr,36.0,0,1,S,2,13.0,0
449,female,Mrs,54.0,4,0,S,2,23.0,1
450,male,Mr,50.0,0,1,S,2,13.0,0
451,male,Mr,44.0,1,1,S,2,26.0,0
452,female,Mrs,29.0,1,1,S,2,26.0,1
453,male,Mr,21.0,0,1,S,2,73.5,0
454,male,Mr,42.0,0,1,S,2,13.0,1
455,male,Mr,63.0,1,1,S,2,26.0,0
456,female,Mrs,60.0,1,1,S,2,26.0,0
457,male,Mr,33.0,0,1,S,2,12.275,0
458,female,Mrs,17.0,0,1,S,2,10.5,1
459,male,Mr,42.0,1,1,S,2,27.0,0
460,female,Mrs,24.0,3,0,S,2,27.0,1
461,male,Mr,47.0,0,1,S,2,15.0,0
462,male,Mr,24.0,2,0,S,2,31.5,0
463,male,Mr,22.0,2,0,S,2,31.5,0
464,male,Mr,32.0,0,1,S,2,10.5,0
465,female,Mrs,23.0,0,1,C,2,13.7917,1
466,male,Mr,34.0,1,1,S,2,26.0,0
467,female,Mrs,24.0,1,1,S,2,26.0,1
468,female,Mrs,22.0,0,1,S,2,21.0,0
469,female,Mrs,41.0,0,1,Q,2,12.35,1
470,male,Mr,35.0,0,1,Q,2,12.35,0
471,female,Mrs,45.0,0,1,S,2,13.5,1
472,male,rare,57.0,0,1,Q,2,12.35,0
473,male,Mr,35.6,0,1,S,2,0.0,0
474,male,Mr,31.0,0,1,S,2,10.5,0
475,female,Mrs,26.0,2,0,S,2,26.0,0
476,male,rare,30.0,2,0,S,2,26.0,0
477,male,Mr,42.0,0,1,Q,2,10.7083,0
478,female,Mrs,1.0,3,0,C,2,41.5792,1
479,female,Mrs,3.0,3,0,C,2,41.5792,1
480,male,Mr,25.0,3,0,C,2,41.5792,0
481,female,Mrs,22.0,3,0,C,2,41.5792,1
482,female,Mrs,17.0,0,1,C,2,12.0,1
483,female,Mrs,34.2,0,1,S,2,33.0,1
484,female,Mrs,34.0,0,1,S,2,10.5,1
485,male,Mr,36.0,0,1,C,2,12.875,0
486,male,Mr,24.0,0,1,S,2,10.5,0
487,male,Mr,61.0,0,1,Q,2,12.35,0
488,male,Mr,50.0,1,1,S,2,26.0,0
489,female,Mrs,42.0,1,1,S,2,26.0,1
490,female,Mrs,57.0,0,1,S,2,10.5,0
491,male,Mr,35.7,0,1,C,2,15.0458,0
492,male,Mr,1.0,2,0,C,2,37.0042,1
493,male,Mr,31.0,2,0,C,2,37.0042,0
494,female,Mrs,24.0,2,0,C,2,37.0042,1
495,male,Mr,27.8,0,1,C,2,15.5792,0
496,male,Mr,30.0,0,1,S,2,13.0,0
497,male,Mr,40.0,0,1,S,2,16.0,0
498,male,Mr,32.0,0,1,S,2,13.5,0
499,male,Mr,30.0,0,1,S,2,13.0,0
500,male,Mr,46.0,0,1,S,2,26.0,0
501,female,Mrs,13.0,1,1,S,2,19.5,1
502,female,Mrs,41.0,1,1,S,2,19.5,1
503,male,Mr,19.0,0,1,S,2,10.5,1
504,male,Mr,39.0,0,1,S,2,13.0,0
505,male,Mr,48.0,0,1,S,2,13.0,0
506,male,Mr,70.0,0,1,S,2,10.5,0
507,male,rare,27.0,0,1,S,2,13.0,0
508,male,rare,54.0,0,1,S,2,14.0,0
509,male,Mr,39.0,0,1,S,2,26.0,0
510,male,Mr,16.0,0,1,S,2,10.5,0
511,male,Mr,62.0,0,1,Q,2,9.6875,0
512,male,Mr,32.5,1,1,C,2,30.0708,0
513,female,Mrs,14.0,1,1,C,2,30.0708,1
514,male,Mr,2.0,2,0,S,2,26.0,1
515,male,Mr,3.0,2,0,S,2,26.0,1
516,male,Mr,36.5,2,0,S,2,26.0,0
517,male,Mr,26.0,0,1,S,2,13.0,0
518,male,Mr,19.0,2,0,S,2,36.75,0
519,male,Mr,28.0,0,1,S,2,13.5,0
520,male,Mr,20.0,0,1,C,2,13.8625,1
521,female,Mrs,29.0,0,1,S,2,10.5,1
522,male,Mr,39.0,0,1,S,2,13.0,0
523,male,Mr,22.0,0,1,S,2,10.5,1
524,male,Mr,25.8,0,1,C,2,13.8625,1
525,male,rare,23.0,0,1,S,2,10.5,0
526,male,Mr,29.0,0,1,C,2,13.8583,1
527,male,Mr,28.0,0,1,S,2,10.5,0
528,male,Mr,35.6,0,1,S,2,0.0,0
529,female,Mrs,50.0,1,1,S,2,26.0,1
530,male,Mr,19.0,0,1,S,2,10.5,0
531,male,Mr,35.7,0,1,C,2,15.05,0
532,male,rare,41.0,0,1,S,2,13.0,0
533,female,Mrs,21.0,1,1,S,2,21.0,1
534,female,Mrs,19.0,0,1,S,2,26.0,1
535,male,Mr,43.0,1,1,S,2,21.0,0
536,female,Mrs,32.0,0,1,S,2,13.0,1
537,male,Mr,34.0,0,1,S,2,13.0,0
538,male,Mr,30.0,0,1,C,2,12.7375,1
539,male,Mr,27.0,0,1,C,2,15.0333,0
540,female,Mrs,2.0,2,0,S,2,26.0,1
541,female,Mrs,8.0,2,0,S,2,26.0,1
542,female,Mrs,33.0,2,0,S,2,26.0,1
543,male,Mr,36.0,0,1,S,2,10.5,0
544,male,Mr,34.0,1,1,S,2,21.0,0
545,female,Mrs,30.0,3,0,S,2,21.0,1
546,female,rare,28.0,0,1,S,2,13.0,1
547,male,Mr,23.0,0,1,C,2,15.0458,0
548,male,Mr,0.8333,2,0,S,2,18.75,1
549,male,Mr,3.0,2,0,S,2,18.75,1
550,female,Mrs,24.0,5,0,S,2,18.75,1
551,female,Mrs,50.0,0,1,S,2,10.5,1
552,male,Mr,19.0,0,1,S,2,10.5,0
553,female,Mrs,21.0,0,1,S,2,10.5,1
554,male,Mr,26.0,0,1,S,2,13.0,0
555,male,Mr,25.0,0,1,S,2,13.0,0
556,male,Mr,27.0,0,1,S,2,26.0,0
557,female,Mrs,25.0,1,1,S,2,26.0,1
558,female,Mrs,18.0,2,0,S,2,13.0,1
559,female,Mrs,20.0,0,1,S,2,36.75,1
560,female,Mrs,30.0,0,1,S,2,13.0,1
561,male,Mr,59.0,0,1,S,2,13.5,0
562,female,Mrs,30.0,0,1,Q,2,12.35,1
563,male,Mr,35.0,0,1,S,2,10.5,0
564,female,Mrs,40.0,0,1,S,2,13.0,1
565,male,Mr,25.0,0,1,S,2,13.0,0
566,male,Mr,41.0,0,1,C,2,15.0458,0
567,male,Mr,25.0,0,1,S,2,10.5,0
568,male,Mr,18.5,0,1,S,2,13.0,0
569,male,Mr,14.0,0,1,S,2,65.0,0
570,female,Mrs,50.0,0,1,S,2,10.5,1
571,male,Mr,23.0,0,1,S,2,13.0,0
572,female,Mrs,28.0,0,1,S,2,12.65,1
573,female,Mrs,27.0,0,1,S,2,10.5,1
574,male,Mr,29.0,1,1,S,2,21.0,0
575,female,Mrs,27.0,1,1,S,2,21.0,0
576,male,Mr,40.0,0,1,S,2,13.0,0
577,female,Mrs,31.0,0,1,S,2,21.0,1
578,male,Mr,30.0,1,1,S,2,21.0,0
579,male,Mr,23.0,1,1,S,2,10.5,0
580,female,Mrs,31.0,0,1,S,2,21.0,1
581,male,Mr,35.6,0,1,S,2,0.0,0
582,female,Mrs,12.0,0,1,S,2,15.75,1
583,female,Mrs,40.0,0,1,S,2,15.75,1
584,female,Mrs,32.5,0,1,S,2,13.0,1
585,male,Mr,27.0,1,1,S,2,26.0,0
586,female,Mrs,29.0,1,1,S,2,26.0,1
587,male,Mr,2.0,2,0,S,2,23.0,1
588,female,Mrs,4.0,2,0,S,2,23.0,1
589,female,Mrs,29.0,2,0,S,2,23.0,1
590,female,Mrs,0.9167,3,0,S,2,27.75,1
591,female,Mrs,5.0,3,0,S,2,27.75,1
592,male,Mr,36.0,3,0,S,2,27.75,0
593,female,Mrs,33.0,3,0,S,2,27.75,1
594,male,Mr,66.0,0,1,S,2,10.5,0
595,male,Mr,34.9,0,1,S,2,12.875,0
596,male,Mr,31.0,0,1,S,2,13.0,1
597,male,Mr,30.4,0,1,S,2,13.0,1
598,female,Mrs,26.0,0,1,S,2,13.5,1
599,female,Mrs,24.0,0,1,S,2,13.0,0
600,male,Mr,42.0,0,1,S,3,7.55,0
601,male,Mr,13.0,2,0,S,3,20.25,0
602,male,Mr,16.0,2,0,S,3,20.25,0
603,female,Mrs,35.0,2,0,S,3,20.25,1
604,female,Mrs,16.0,0,1,S,3,7.65,1
605,male,Mr,25.0,0,1,S,3,7.65,1
606,male,Mr,20.0,0,1,S,3,7.925,1
607,female,Mrs,18.0,0,1,C,3,7.2292,1
608,male,Mr,30.0,0,1,S,3,7.25,0
609,male,Mr,26.0,0,1,S,3,8.05,0
610,female,Mrs,40.0,1,1,S,3,9.475,0
611,male,Mr,0.8333,1,1,S,3,9.35,1
612,female,Mrs,18.0,1,1,S,3,9.35,1
613,male,Mr,26.0,0,1,C,3,18.7875,1
614,male,Mr,26.0,0,1,S,3,7.8875,0
615,male,Mr,20.0,0,1,S,3,7.925,0
616,male,Mr,24.0,0,1,S,3,7.05,0
617,male,Mr,25.0,0,1,S,3,7.05,0
618,male,Mr,35.0,0,1,S,3,8.05,0
619,male,Mr,18.0,0,1,S,3,8.3,0
620,male,Mr,32.0,0,1,S,3,22.525,0
621,female,Mrs,19.0,1,1,S,3,7.8542,1
622,male,Mr,4.0,6,0,S,3,31.275,0
623,female,Mrs,6.0,6,0,S,3,31.275,0
624,female,Mrs,2.0,6,0,S,3,31.275,0
625,female,Mrs,17.0,6,0,S,3,7.925,1
626,female,Mrs,38.0,6,0,S,3,7.775,0
627,female,Mrs,9.0,6,0,S,3,31.275,0
628,female,Mrs,11.0,6,0,S,3,31.275,0
629,male,Mr,39.0,6,0,S,3,31.275,0
630,male,Mr,27.0,0,1,S,3,7.7958,1
631,male,Mr,26.0,0,1,S,3,7.775,0
632,female,Mrs,39.0,6,0,S,3,31.275,0
633,male,Mr,20.0,0,1,S,3,7.8542,0
634,male,Mr,26.0,0,1,S,3,7.8958,0
635,male,Mr,25.0,1,1,S,3,17.8,0
636,female,Mrs,18.0,1,1,S,3,17.8,0
637,male,Mr,24.0,0,1,S,3,7.775,0
638,male,Mr,35.0,0,1,S,3,7.05,0
639,male,Mr,5.0,6,0,S,3,31.3875,0
640,male,Mr,9.0,6,0,S,3,31.3875,0
641,male,Mr,3.0,6,0,S,3,31.3875,1
642,male,Mr,13.0,6,0,S,3,31.3875,0
643,female,Mrs,5.0,6,0,S,3,31.3875,1
644,male,Mr,40.0,6,0,S,3,31.3875,0
645,male,Mr,23.0,0,1,S,3,7.7958,1
646,female,Mrs,38.0,6,0,S,3,31.3875,1
647,female,Mrs,45.0,0,1,C,3,7.225,1
648,male,Mr,21.0,0,1,C,3,7.225,0
649,male,Mr,23.0,0,1,S,3,7.05,0
650,female,Mrs,17.0,0,1,C,3,14.4583,0
651,male,Mr,30.0,0,1,C,3,7.225,0
652,male,Mr,23.0,0,1,S,3,7.8542,0
653,female,Mrs,13.0,0,1,C,3,7.2292,1
654,male,Mr,20.0,0,1,C,3,7.225,0
655,male,Mr,32.0,1,1,S,3,15.85,0
656,female,Mrs,33.0,3,0,S,3,15.85,1
657,female,Mrs,0.75,3,0,C,3,19.2583,1
658,female,Mrs,0.75,3,0,C,3,19.2583,1
659,female,Mrs,5.0,3,0,C,3,19.2583,1
660,female,Mrs,24.0,3,0,C,3,19.2583,1
661,female,Mrs,18.0,0,1,S,3,8.05,1
662,male,Mr,40.0,0,1,C,3,7.225,0
663,male,Mr,26.0,0,1,S,3,7.8958,0
664,male,Mr,20.0,0,1,C,3,7.2292,1
665,female,Mrs,18.0,1,1,C,3,14.4542,0
666,female,Mrs,45.0,1,1,C,3,14.4542,0
667,female,Mrs,27.0,0,1,Q,3,7.8792,0
668,male,Mr,22.0,0,1,S,3,8.05,0
669,male,Mr,19.0,0,1,S,3,8.05,0
670,male,Mr,26.0,0,1,S,3,7.775,0
671,male,Mr,22.0,0,1,S,3,9.35,0
672,male,Mr,21.0,0,1,C,3,7.2292,0
673,male,Mr,20.0,0,1,C,3,4.0125,0
674,male,Mr,32.0,0,1,S,3,56.4958,1
675,male,Mr,21.0,0,1,S,3,7.775,0
676,male,Mr,18.0,0,1,S,3,7.75,0
677,male,Mr,26.0,0,1,S,3,7.8958,0
678,male,Mr,6.0,2,0,C,3,15.2458,0
679,female,Mrs,9.0,2,0,C,3,15.2458,0
680,male,Mr,21.1,0,1,C,3,7.225,0
681,female,Mrs,12.0,2,0,C,3,15.2458,0
682,female,Mrs,36.3,2,0,Q,3,7.75,0
683,male,Mr,40.0,2,0,Q,3,15.5,0
684,female,Mrs,32.0,2,0,Q,3,15.5,0
685,male,Mr,21.0,0,1,S,3,16.1,0
686,female,Mrs,22.0,0,1,Q,3,7.725,1
687,female,Mrs,20.0,0,1,S,3,7.8542,0
688,male,Mr,29.0,1,1,S,3,7.0458,0
689,male,Mr,22.0,1,1,S,3,7.25,0
690,male,Mr,22.0,0,1,S,3,7.7958,0
691,male,Mr,35.0,0,1,S,3,8.05,0
692,female,Mrs,18.5,0,1,Q,3,7.2833,0
693,male,Mr,21.0,0,1,Q,3,7.8208,1
694,male,Mr,19.0,0,1,Q,3,6.75,0
695,female,Mrs,18.0,0,1,Q,3,7.8792,0
696,female,Mrs,21.0,0,1,S,3,8.6625,0
697,female,Mrs,30.0,0,1,S,3,8.6625,0
698,male,Mr,18.0,0,1,S,3,8.6625,0
699,male,Mr,38.0,0,1,S,3,8.6625,0
700,male,Mr,17.0,0,1,S,3,8.6625,0
701,male,Mr,17.0,0,1,S,3,8.6625,0
702,female,Mrs,21.0,0,1,Q,3,7.75,0
703,male,Mr,21.0,0,1,Q,3,7.75,0
704,male,Mr,21.0,0,1,S,3,8.05,0
705,male,Mr,21.2,1,1,C,3,14.4583,0
706,female,Mrs,21.2,1,1,C,3,14.4583,0
707,male,Mr,28.0,0,1,S,3,7.7958,0
708,male,Mr,24.0,0,1,S,3,7.8542,0
709,female,Mrs,16.0,0,1,Q,3,7.75,1
710,female,Mrs,37.0,0,1,Q,3,7.75,0
711,male,Mr,28.0,0,1,S,3,7.25,0
712,male,Mr,24.0,0,1,S,3,8.05,0
713,male,Mr,21.0,0,1,Q,3,7.7333,0
714,male,Mr,32.0,0,1,S,3,56.4958,1
715,male,Mr,29.0,0,1,S,3,8.05,0
716,male,Mr,26.0,1,1,C,3,14.4542,0
717,male,Mr,18.0,1,1,C,3,14.4542,0
718,male,Mr,20.0,0,1,S,3,7.05,0
719,male,Mr,18.0,0,1,S,3,8.05,1
720,male,Mr,24.0,0,1,Q,3,7.25,0
721,male,Mr,36.0,0,1,S,3,7.4958,0
722,male,Mr,24.0,0,1,S,3,7.4958,0
723,male,Mr,31.0,0,1,Q,3,7.7333,0
724,male,Mr,31.0,0,1,Q,3,7.75,0
725,female,Mrs,22.0,0,1,Q,3,7.75,1
726,female,Mrs,30.0,0,1,Q,3,7.6292,0
727,male,Mr,70.5,0,1,Q,3,7.75,0
728,male,Mr,43.0,0,1,S,3,8.05,0
729,male,Mr,35.0,0,1,S,3,7.8958,0
730,male,Mr,27.0,0,1,S,3,7.8958,0
731,male,Mr,19.0,0,1,S,3,7.8958,0
732,male,Mr,30.0,0,1,S,3,8.05,0
733,male,Mr,9.0,2,0,S,3,15.9,1
734,male,Mr,3.0,2,0,S,3,15.9,1
735,female,Mrs,36.0,2,0,S,3,15.9,1
736,male,Mr,59.0,0,1,S,3,7.25,0
737,male,Mr,19.0,0,1,S,3,8.1583,0
738,female,Mrs,17.0,1,1,S,3,16.1,1
739,male,Mr,44.0,1,1,S,3,16.1,0
740,male,Mr,17.0,0,1,S,3,8.6625,0
741,male,Mr,22.5,0,1,C,3,7.225,0
742,male,Mr,45.0,0,1,S,3,8.05,1
743,female,Mrs,22.0,0,1,S,3,10.5167,0
744,male,Mr,19.0,0,1,S,3,10.1708,0
745,female,Mrs,30.0,0,1,Q,3,6.95,1
746,male,Mr,29.0,0,1,Q,3,7.75,1
747,male,Mr,0.3333,2,0,S,3,14.4,0
748,male,Mr,34.0,2,0,S,3,14.4,0
749,female,Mrs,28.0,2,0,S,3,14.4,0
750,male,Mr,27.0,0,1,S,3,7.8958,0
751,male,Mr,25.0,0,1,S,3,7.8958,0
752,male,Mr,24.0,2,0,S,3,24.15,0
753,male,Mr,22.0,0,1,S,3,8.05,0
754,male,Mr,21.0,2,0,S,3,24.15,0
755,male,Mr,17.0,2,0,S,3,8.05,0
756,male,Mr,29.9,1,1,S,3,16.1,0
757,female,Mrs,29.9,1,1,S,3,16.1,1
758,male,Mr,36.5,1,1,S,3,17.4,1
759,female,Mrs,36.0,1,1,S,3,17.4,1
760,male,Mr,30.0,0,1,S,3,9.5,1
761,male,Mr,16.0,0,1,S,3,9.5,0
762,male,Mr,1.0,3,0,S,3,20.575,1
763,female,Mrs,0.1667,3,0,S,3,20.575,1
764,male,Mr,26.0,3,0,S,3,20.575,0
765,female,Mrs,33.0,3,0,S,3,20.575,1
766,male,Mr,25.0,0,1,S,3,7.8958,0
767,male,Mr,26.6,0,1,S,3,7.8958,0
768,male,Mr,26.6,0,1,S,3,7.8958,0
769,male,Mr,22.0,0,1,S,3,7.25,0
770,male,Mr,36.0,0,1,S,3,7.25,0
771,female,Mrs,19.0,0,1,Q,3,7.8792,1
772,male,Mr,17.0,0,1,S,3,7.8958,0
773,male,Mr,42.0,0,1,S,3,8.6625,0
774,male,Mr,43.0,0,1,S,3,7.8958,0
775,male,Mr,21.0,0,1,C,3,7.2292,0
776,male,Mr,32.0,0,1,Q,3,7.75,0
777,male,Mr,19.0,0,1,S,3,8.05,1
778,female,Mrs,30.0,0,1,S,3,12.475,1
779,female,Mrs,24.0,0,1,Q,3,7.75,0
780,female,Mrs,23.0,0,1,S,3,8.05,1
781,male,Mr,33.0,0,1,C,3,7.8958,0
782,male,Mr,65.0,0,1,Q,3,7.75,0
783,male,Mr,24.0,0,1,S,3,7.55,1
784,male,Mr,23.0,1,1,S,3,13.9,0
785,female,Mrs,22.0,1,1,S,3,13.9,1
786,male,Mr,18.0,0,1,S,3,7.775,0
787,male,Mr,16.0,0,1,S,3,7.775,0
788,male,Mr,45.0,0,1,S,3,6.975,0
789,male,Mr,21.1,0,1,C,3,7.225,0
790,male,Mr,39.0,2,0,C,3,7.2292,0
791,male,Mr,17.0,2,0,C,3,7.2292,0
792,male,Mr,15.0,2,0,C,3,7.2292,0
793,male,Mr,47.0,0,1,S,3,7.25,0
794,female,Mrs,5.0,0,1,S,3,12.475,1
795,male,Mr,21.1,0,1,C,3,7.225,0
796,male,Mr,40.5,0,1,S,3,15.1,0
797,male,Mr,40.5,0,1,Q,3,7.75,0
798,male,Mr,26.0,0,1,S,3,7.05,1
799,male,Mr,18.0,0,1,S,3,7.7958,0
800,female,Mrs,36.3,0,1,Q,3,7.75,0
801,male,Mr,36.3,0,1,Q,3,7.75,0
802,male,Mr,35.6,0,1,Q,3,6.95,0
803,male,Mr,26.0,0,1,Q,3,7.8792,0
804,male,Mr,36.3,0,1,Q,3,7.75,0
805,male,Mr,29.6,0,1,S,3,56.4958,1
806,female,Mrs,21.0,4,0,S,3,34.375,0
807,female,Mrs,9.0,4,0,S,3,34.375,0
808,male,Mr,25.5,0,1,S,3,8.05,0
809,male,Mr,18.0,4,0,S,3,34.375,0
810,male,Mr,16.0,4,0,S,3,34.375,0
811,female,Mrs,48.0,4,0,S,3,34.375,0
812,male,Mr,36.3,0,1,Q,3,7.75,0
813,male,Mr,27.3,0,1,S,3,7.25,0
814,male,Mr,25.0,0,1,Q,3,7.7417,0
815,male,Mr,30.3,0,1,S,3,14.5,0
816,male,Mr,26.6,0,1,C,3,7.8958,0
817,male,Mr,22.0,0,1,S,3,8.05,0
818,female,Mrs,16.0,0,1,Q,3,7.7333,1
819,female,Mrs,36.3,0,1,Q,3,7.75,1
820,male,Mr,9.0,2,0,S,3,20.525,1
821,male,Mr,33.0,2,0,S,3,20.525,0
822,male,Mr,41.0,0,1,S,3,7.85,0
823,female,Mrs,31.0,2,0,S,3,20.525,1
824,male,Mr,38.0,0,1,S,3,7.05,0
825,male,Mr,9.0,7,0,S,3,46.9,0
826,male,Mr,1.0,7,0,S,3,46.9,0
827,male,Mr,11.0,7,0,S,3,46.9,0
828,female,Mrs,10.0,7,0,S,3,46.9,0
829,female,Mrs,16.0,7,0,S,3,46.9,0
830,male,Mr,14.0,7,0,S,3,46.9,0
831,male,Mr,40.0,7,0,S,3,46.9,0
832,female,Mrs,43.0,7,0,S,3,46.9,0
833,male,Mr,51.0,0,1,S,3,8.05,0
834,male,Mr,32.0,0,1,S,3,8.3625,0
835,male,Mr,25.5,0,1,S,3,8.05,0
836,male,Mr,20.0,0,1,S,3,9.8458,0
837,male,Mr,37.0,2,0,S,3,7.925,0
838,male,Mr,28.0,2,0,S,3,7.925,0
839,male,Mr,19.0,0,1,S,3,7.775,0
840,female,Mrs,24.0,0,1,S,3,8.85,0
841,female,Mrs,17.0,0,1,Q,3,7.7333,0
842,male,Mr,18.0,1,1,S,3,19.9667,0
843,male,Mr,18.0,1,1,S,3,19.9667,0
844,male,Mr,28.0,1,1,S,3,15.85,0
845,female,Mrs,24.0,1,1,S,3,15.85,1
846,male,Mr,20.0,0,1,S,3,9.5,0
847,male,Mr,23.5,0,1,C,3,7.2292,0
848,male,Mr,41.0,2,0,S,3,14.1083,0
849,male,Mr,26.0,1,1,S,3,7.8542,0
850,male,Mr,21.0,0,1,S,3,7.8542,0
851,female,Mrs,45.0,1,1,S,3,14.1083,1
852,female,Mrs,28.6,0,1,S,3,7.55,0
853,male,Mr,25.0,0,1,S,3,7.25,0
854,male,Mr,27.8,0,1,Q,3,6.8583,0
855,male,Mr,11.0,0,1,C,3,18.7875,0
856,female,Mrs,36.3,0,1,Q,3,7.75,1
857,male,Mr,27.0,0,1,S,3,6.975,1
858,male,Mr,29.6,0,1,S,3,56.4958,1
859,female,Mrs,18.0,0,1,Q,3,6.75,0
860,female,Mrs,26.0,0,1,S,3,7.925,1
861,female,Mrs,23.0,0,1,S,3,7.925,0
862,female,Mrs,22.0,0,1,S,3,8.9625,1
863,male,Mr,28.0,0,1,S,3,7.8958,0
864,female,Mrs,28.0,0,1,S,3,7.775,0
865,female,Mrs,36.3,0,1,Q,3,7.75,0
866,female,Mrs,2.0,1,1,S,3,12.2875,1
867,female,Mrs,22.0,2,0,S,3,12.2875,1
868,male,Mr,43.0,0,1,S,3,6.45,0
869,male,Mr,28.0,0,1,S,3,22.525,0
870,female,Mrs,27.0,0,1,S,3,7.925,1
871,male,Mr,36.3,0,1,Q,3,7.75,0
872,female,Mrs,25.5,0,1,S,3,8.05,1
873,male,Mr,42.0,0,1,S,3,7.65,0
874,male,Mr,32.0,0,1,S,3,7.8875,1
875,male,Mr,30.0,0,1,C,3,7.2292,0
876,male,Mr,26.6,0,1,S,3,7.8958,0
877,female,Mrs,27.0,1,1,S,3,7.925,0
878,female,Mrs,25.0,1,1,S,3,7.925,0
879,male,Mr,26.6,0,1,S,3,7.8958,0
880,male,Mr,29.0,0,1,C,3,7.8958,1
881,male,Mr,21.0,0,1,S,3,7.7958,1
882,male,Mr,26.0,0,1,S,3,7.05,0
883,male,Mr,20.0,0,1,S,3,7.8542,0
884,male,Mr,48.0,0,1,S,3,7.8542,0
885,male,Mr,17.0,1,1,S,3,7.0542,0
886,female,Mrs,36.3,0,1,Q,3,7.75,1
887,male,Mr,24.6,0,1,S,3,8.1125,1
888,male,Mr,34.0,0,1,S,3,6.4958,0
889,male,Mr,26.0,0,1,S,3,7.775,1
890,male,Mr,22.0,0,1,S,3,7.7958,0
891,male,Mr,33.0,0,1,S,3,8.6542,0
892,male,Mr,31.0,0,1,S,3,7.775,0
893,male,Mr,29.0,0,1,S,3,7.8542,0
894,male,Mr,4.0,2,0,S,3,11.1333,1
895,female,Mrs,1.0,2,0,S,3,11.1333,1
896,male,Mr,49.0,0,1,S,3,0.0,0
897,male,Mr,33.0,0,1,S,3,7.775,0
898,male,Mr,19.0,0,1,S,3,0.0,0
899,female,Mrs,27.0,2,0,S,3,11.1333,1
900,male,Mr,17.4,3,0,S,3,23.45,0
901,female,Mrs,17.4,3,0,S,3,23.45,0
902,male,Mr,17.4,3,0,S,3,23.45,0
903,female,Mrs,17.4,3,0,S,3,23.45,0
904,male,Mr,23.0,0,1,S,3,7.8958,0
905,male,Mr,32.0,0,1,S,3,7.8542,1
906,male,Mr,27.0,0,1,S,3,7.8542,0
907,female,Mrs,20.0,1,1,S,3,9.825,0
908,female,Mrs,21.0,1,1,S,3,9.825,0
909,male,Mr,32.0,0,1,S,3,7.925,1
910,male,Mr,17.0,0,1,S,3,7.125,0
911,male,Mr,21.0,0,1,S,3,8.4333,0
912,male,Mr,30.0,0,1,S,3,7.8958,0
913,male,Mr,21.0,0,1,S,3,7.7958,1
914,male,Mr,33.0,0,1,S,3,7.8542,0
915,male,Mr,22.0,0,1,S,3,7.5208,0
916,female,Mrs,4.0,1,1,C,3,13.4167,1
917,male,Mr,39.0,1,1,C,3,13.4167,1
918,male,Mr,21.0,0,1,C,3,7.2292,0
919,male,Mr,18.5,0,1,C,3,7.2292,0
920,male,Mr,36.3,0,1,Q,3,7.75,0
921,male,Mr,27.3,0,1,S,3,7.25,0
922,female,Mrs,36.3,0,1,Q,3,7.75,1
923,female,Mrs,36.3,0,1,Q,3,7.75,1
924,male,Mr,34.5,0,1,Q,3,7.8292,0
925,male,Mr,44.0,0,1,S,3,8.05,0
926,male,Mr,36.3,0,1,Q,3,7.75,1
927,male,Mr,20.7,1,1,C,3,14.4542,0
928,female,Mrs,20.7,1,1,C,3,14.4542,0
929,male,Mr,36.3,1,1,Q,3,7.75,0
930,male,Mr,36.3,1,1,Q,3,7.75,0
931,male,Mr,22.0,0,1,Q,3,7.7375,0
932,female,Mrs,22.0,2,0,S,3,8.6625,0
933,male,Mr,26.0,2,0,S,3,8.6625,0
934,female,Mrs,4.0,2,0,S,3,22.025,1
935,male,Mr,29.0,4,0,S,3,22.025,1
936,female,Mrs,26.0,2,0,S,3,22.025,1
937,female,Mrs,1.0,2,0,S,3,12.1833,0
938,male,Mr,18.0,2,0,S,3,7.8542,0
939,female,Mrs,36.0,2,0,S,3,12.1833,0
940,male,Mr,26.6,0,1,C,3,7.8958,0
941,male,Mr,25.0,0,1,C,3,7.2292,1
942,male,Mr,21.1,0,1,C,3,7.225,0
943,female,Mrs,37.0,0,1,S,3,9.5875,0
944,male,Mr,26.6,0,1,S,3,7.8958,0
945,male,Mr,29.6,0,1,S,3,56.4958,1
946,male,Mr,29.6,0,1,S,3,56.4958,0
947,female,Mrs,22.0,0,1,S,3,7.25,1
948,male,Mr,36.3,0,1,Q,3,7.75,0
949,male,Mr,26.0,0,1,S,3,56.4958,1
950,male,Mr,29.0,0,1,S,3,9.4833,0
951,male,Mr,29.0,0,1,S,3,7.775,0
952,male,Mr,22.0,0,1,S,3,7.775,0
953,male,Mr,22.0,0,1,C,3,7.225,1
954,male,Mr,45.4,4,0,S,3,25.4667,0
955,female,Mrs,45.4,4,0,S,3,25.4667,0
956,female,Mrs,45.4,4,0,S,3,25.4667,0
957,female,Mrs,45.4,4,0,S,3,25.4667,0
958,female,Mrs,45.4,4,0,S,3,25.4667,0
959,male,Mr,32.0,0,1,S,3,7.925,0
960,male,Mr,34.5,0,1,C,3,6.4375,0
961,female,Mrs,31.6,1,1,Q,3,15.5,0
962,male,Mr,31.6,1,1,Q,3,15.5,0
963,male,Mr,36.0,0,1,S,3,0.0,0
964,male,Mr,39.0,0,1,S,3,24.15,0
965,male,Mr,24.0,0,1,S,3,9.5,0
966,female,Mrs,25.0,0,1,S,3,7.775,0
967,female,Mrs,45.0,0,1,S,3,7.75,0
968,male,Mr,36.0,1,1,S,3,15.55,0
969,female,Mrs,30.0,1,1,S,3,15.55,0
970,male,Mr,20.0,1,1,S,3,7.925,1
971,male,Mr,23.8,0,1,Q,3,7.8792,0
972,male,Mr,28.0,0,1,S,3,56.4958,0
973,male,Mr,28.6,0,1,S,3,7.55,0
974,male,Mr,30.0,1,1,S,3,16.1,0
975,female,Mrs,26.0,1,1,S,3,16.1,0
976,male,Mr,23.8,0,1,S,3,7.8792,0
977,male,Mr,20.5,0,1,S,3,7.25,0
978,male,Mr,27.0,0,1,S,3,8.6625,1
979,male,Mr,51.0,0,1,S,3,7.0542,0
980,female,Mrs,23.0,0,1,S,3,7.8542,1
981,male,Mr,32.0,0,1,S,3,7.5792,1
982,male,Mr,26.6,0,1,S,3,7.8958,0
983,male,Mr,28.6,0,1,S,3,7.55,0
984,female,Mrs,36.3,0,1,Q,3,7.75,1
985,male,Mr,24.0,0,1,S,3,7.1417,1
986,male,Mr,22.0,0,1,S,3,7.125,0
987,female,Mrs,23.8,0,1,Q,3,7.8792,0
988,male,Mr,36.3,0,1,Q,3,7.75,0
989,male,Mr,25.5,0,1,S,3,8.05,0
990,male,Mr,29.0,0,1,S,3,7.925,0
991,male,Mr,21.0,0,1,C,3,7.2292,1
992,female,Mrs,30.5,0,1,Q,3,7.75,0
993,female,Mrs,22.0,0,1,Q,3,7.7375,1
994,male,Mr,21.0,0,1,C,3,7.2292,0
995,male,Mr,35.0,0,1,C,3,7.8958,0
996,male,Mr,33.0,0,1,S,3,7.8958,0
997,female,Mrs,21.1,0,1,C,3,7.225,1
998,male,Mr,26.6,0,1,C,3,7.8958,0
999,female,Mrs,36.3,0,1,Q,3,7.75,1
1000,male,Mr,36.3,0,1,Q,3,7.75,1
1001,female,Mrs,21.0,2,0,Q,3,23.25,1
1002,female,Mrs,21.0,2,0,Q,3,23.25,1
1003,male,Mr,21.0,2,0,Q,3,23.25,1
1004,female,Mrs,20.8,0,1,Q,3,7.7875,1
1005,male,Mr,31.6,0,1,Q,3,15.5,0
1006,female,Mrs,23.8,0,1,Q,3,7.8792,1
1007,female,Mrs,15.0,0,1,Q,3,8.0292,1
1008,female,Mrs,35.0,0,1,Q,3,7.75,0
1009,male,Mr,36.3,0,1,Q,3,7.75,0
1010,male,Mr,24.0,1,1,S,3,16.1,0
1011,female,Mrs,19.0,1,1,S,3,16.1,0
1012,female,Mrs,36.3,0,1,Q,3,7.75,0
1013,female,Mrs,25.5,0,1,S,3,8.05,0
1014,female,Mrs,25.5,0,1,S,3,8.05,0
1015,male,Mr,55.5,0,1,S,3,8.05,0
1016,male,Mr,36.3,0,1,Q,3,7.75,0
1017,male,Mr,21.0,0,1,S,3,7.775,1
1018,male,Mr,25.5,0,1,S,3,8.05,0
1019,male,Mr,24.0,0,1,S,3,7.8958,0
1020,male,Mr,21.0,0,1,S,3,7.8958,0
1021,male,Mr,28.0,0,1,S,3,7.8958,0
1022,male,Mr,26.6,0,1,S,3,7.8958,0
1023,female,Mrs,23.8,0,1,Q,3,7.8792,1
1024,male,Mr,25.0,0,1,S,3,7.65,0
1025,male,Mr,6.0,1,1,S,3,12.475,1
1026,female,Mrs,27.0,1,1,S,3,12.475,1
1027,male,Mr,25.5,0,1,S,3,8.05,0
1028,female,Mrs,30.0,1,1,Q,3,24.15,1
1029,male,Mr,30.0,1,1,Q,3,24.15,0
1030,male,Mr,22.28334,0,1,Q,3,8.4583,0
1031,male,Mr,34.0,0,1,S,3,8.05,0
1032,male,Mr,36.3,0,1,Q,3,7.75,0
1033,male,Mr,27.2,0,1,S,3,7.775,1
1034,male,Mr,12.0,2,0,C,3,15.2458,1
1035,male,Mr,12.0,2,0,C,3,15.2458,1
1036,female,Mrs,12.0,2,0,C,3,15.2458,1
1037,female,Mrs,21.0,0,1,C,3,7.2292,1
1038,male,Mr,25.5,0,1,S,3,8.05,0
1039,female,Mrs,21.4,0,1,Q,3,7.7333,1
1040,female,Mrs,24.0,0,1,Q,3,7.75,1
1041,male,Mr,25.5,0,1,S,3,8.05,0
1042,female,Mrs,31.6,1,1,Q,3,15.5,1
1043,female,Mrs,31.6,1,1,Q,3,15.5,1
1044,female,Mrs,31.6,0,1,Q,3,15.5,1
1045,male,Mr,18.0,0,1,S,3,7.75,0
1046,male,Mr,22.0,0,1,S,3,7.8958,0
1047,female,Mrs,15.0,0,1,C,3,7.225,1
1048,female,Mrs,1.0,2,0,C,3,15.7417,1
1049,male,Mr,20.0,2,0,C,3,15.7417,1
1050,female,Mrs,19.0,2,0,C,3,15.7417,1
1051,male,Mr,33.0,0,1,S,3,8.05,0
1052,male,Mr,26.6,0,1,S,3,7.8958,0
1053,male,Mr,21.0,0,1,C,3,7.2292,0
1054,female,Mrs,36.3,0,1,Q,3,7.75,0
1055,male,Mr,26.6,0,1,S,3,7.8958,0
1056,male,Mr,12.0,1,1,C,3,11.2417,1
1057,female,Mrs,14.0,1,1,C,3,11.2417,1
1058,female,Mrs,29.0,0,1,S,3,7.925,0
1059,male,Mr,28.0,0,1,S,3,8.05,0
1060,female,Mrs,18.0,0,1,S,3,7.775,1
1061,female,Mrs,26.0,0,1,S,3,7.8542,1
1062,male,Mr,21.0,0,1,S,3,7.8542,0
1063,male,Mr,41.0,0,1,S,3,7.125,0
1064,male,Mr,39.0,0,1,S,3,7.925,1
1065,male,Mr,21.0,0,1,S,3,7.8,0
1066,male,Mr,28.5,0,1,C,3,7.2292,0
1067,female,Mrs,22.0,0,1,S,3,7.75,1
1068,male,Mr,61.0,0,1,S,3,6.2375,0
1069,male,Mr,31.6,1,1,Q,3,15.5,0
1070,male,Mr,34.5,0,1,Q,3,7.8292,0
1071,female,Mrs,31.6,1,1,Q,3,15.5,1
1072,male,Mr,21.4,0,1,Q,3,7.7333,0
1073,male,Mr,36.3,0,1,Q,3,7.75,0
1074,male,Mr,36.3,0,1,Q,3,7.75,0
1075,male,Mr,23.0,0,1,S,3,9.225,0
1076,female,rare,36.3,0,1,Q,3,7.75,0
1077,female,Mrs,36.3,0,1,Q,3,7.75,1
1078,female,Mrs,23.8,0,1,Q,3,7.8792,1
1079,female,Mrs,22.0,0,1,S,3,7.775,1
1080,male,Mr,36.3,0,1,Q,3,7.75,1
1081,female,Mrs,34.5,0,1,Q,3,7.8292,1
1082,male,Mr,9.0,1,1,S,3,3.1708,1
1083,male,Mr,28.0,0,1,S,3,22.525,0
1084,male,Mr,42.0,1,1,S,3,8.4042,0
1085,male,Mr,20.8,0,1,S,3,7.3125,0
1086,female,Mrs,31.0,0,1,S,3,7.8542,0
1087,male,Mr,28.0,0,1,S,3,7.8542,0
1088,male,Mr,32.0,0,1,S,3,7.775,1
1089,male,Mr,20.0,0,1,S,3,9.225,0
1090,female,Mrs,23.0,0,1,S,3,8.6625,0
1091,female,Mrs,20.0,0,1,S,3,8.6625,0
1092,male,Mr,20.0,0,1,S,3,8.6625,0
1093,male,Mr,16.0,0,1,S,3,9.2167,0
1094,female,Mrs,31.0,0,1,S,3,8.6833,1
1095,female,Mrs,23.0,0,1,Q,3,7.6292,0
1096,male,Mr,2.0,4,0,S,3,21.075,0
1097,male,Mr,6.0,4,0,S,3,21.075,0
1098,female,Mrs,3.0,4,0,S,3,21.075,0
1099,female,Mrs,8.0,4,0,S,3,21.075,0
1100,female,Mrs,29.0,4,0,S,3,21.075,0
1101,male,Mr,1.0,5,0,S,3,39.6875,0
1102,male,Mr,7.0,5,0,S,3,39.6875,0
1103,male,Mr,2.0,5,0,S,3,39.6875,0
1104,male,Mr,16.0,5,0,S,3,39.6875,0
1105,male,Mr,14.0,5,0,S,3,39.6875,0
1106,female,Mrs,41.0,5,0,S,3,39.6875,0
1107,male,Mr,21.0,0,1,S,3,8.6625,0
1108,male,Mr,19.0,0,1,S,3,14.5,0
1109,male,Mr,23.2,0,1,C,3,8.7125,0
1110,male,Mr,32.0,0,1,S,3,7.8958,0
1111,male,Mr,0.75,2,0,S,3,13.775,0
1112,female,Mrs,3.0,2,0,S,3,13.775,0
1113,female,Mrs,26.0,2,0,S,3,13.775,0
1114,male,Mr,34.6,0,1,S,3,7.0,0
1115,male,Mr,27.2,0,1,S,3,7.775,0
1116,male,Mr,25.5,0,1,S,3,8.05,0
1117,male,Mr,21.0,0,1,S,3,7.925,0
1118,male,Mr,25.0,0,1,S,3,7.925,0
1119,male,Mr,22.0,0,1,S,3,7.25,0
1120,male,Mr,25.0,1,1,S,3,7.775,1
1121,male,Mr,24.2,2,0,C,3,22.3583,1
1122,female,Mrs,24.2,2,0,C,3,22.3583,1
1123,female,Mrs,24.2,2,0,C,3,22.3583,1
1124,female,Mrs,44.1,0,1,Q,3,8.1375,0
1125,male,Mr,24.0,0,1,S,3,8.05,0
1126,female,Mrs,28.0,0,1,S,3,7.8958,0
1127,male,Mr,19.0,0,1,S,3,7.8958,0
1128,male,Mr,26.6,0,1,S,3,7.8958,0
1129,male,Mr,25.0,1,1,S,3,7.775,0
1130,female,Mrs,18.0,0,1,S,3,7.775,0
1131,male,Mr,32.0,0,1,S,3,8.05,1
1132,male,Mr,26.6,0,1,S,3,7.8958,0
1133,male,Mr,17.0,0,1,S,3,8.6625,0
1134,male,Mr,24.0,0,1,S,3,8.6625,0
1135,male,Mr,26.6,0,1,S,3,7.8958,0
1136,female,Mrs,24.6,0,1,S,3,8.1125,0
1137,male,Mr,21.0,0,1,C,3,7.2292,0
1138,male,Mr,27.3,0,1,S,3,7.25,0
1139,male,Mr,38.0,0,1,S,3,7.8958,0
1140,male,Mr,21.0,0,1,S,3,8.05,0
1141,male,Mr,10.0,5,0,Q,3,29.125,0
1142,male,Mr,4.0,5,0,Q,3,29.125,0
1143,male,Mr,7.0,5,0,Q,3,29.125,0
1144,male,Mr,2.0,5,0,Q,3,29.125,0
1145,male,Mr,8.0,5,0,Q,3,29.125,0
1146,female,Mrs,39.0,5,0,Q,3,29.125,0
1147,female,Mrs,22.0,0,1,S,3,39.6875,0
1148,male,Mr,35.0,0,1,S,3,7.125,0
1149,female,Mrs,21.4,0,1,Q,3,7.7208,1
1150,male,Mr,30.3,0,1,S,3,14.5,0
1151,female,Mrs,30.3,0,1,S,3,14.5,0
1152,male,Mr,50.0,1,1,S,3,14.5,0
1153,female,Mrs,47.0,1,1,S,3,14.5,0
1154,male,Mr,25.5,0,1,S,3,8.05,0
1155,male,Mr,27.2,0,1,S,3,7.775,0
1156,female,Mrs,2.0,2,0,S,3,20.2125,0
1157,male,Mr,18.0,2,0,S,3,20.2125,0
1158,female,Mrs,41.0,2,0,S,3,20.2125,0
1159,female,Mrs,25.5,0,1,S,3,8.05,1
1160,male,Mr,50.0,0,1,S,3,8.05,0
1161,male,Mr,16.0,0,1,S,3,8.05,0
1162,male,Mr,36.3,0,1,Q,3,7.75,1
1163,male,Mr,30.0,0,1,Q,3,24.15,0
1164,male,Mr,21.0,0,1,C,3,7.2292,0
1165,male,Mr,25.0,0,1,C,3,7.225,0
1166,male,Mr,21.1,0,1,C,3,7.225,0
1167,male,Mr,21.4,0,1,Q,3,7.7292,0
1168,male,Mr,30.2,0,1,S,3,7.575,0
1169,male,Mr,38.5,0,1,S,3,7.25,0
1170,male,Mr,33.7,10,0,S,3,69.55,0
1171,male,Mr,14.5,10,0,S,3,69.55,0
1172,female,Mrs,33.7,10,0,S,3,69.55,0
1173,female,Mrs,33.7,10,0,S,3,69.55,0
1174,female,Mrs,33.7,10,0,S,3,69.55,0
1175,female,Mrs,33.7,10,0,S,3,69.55,0
1176,male,Mr,33.7,10,0,S,3,69.55,0
1177,male,Mr,33.7,10,0,S,3,69.55,0
1178,male,Mr,33.7,10,0,S,3,69.55,0
1179,male,Mr,33.7,10,0,S,3,69.55,0
1180,female,Mrs,33.7,10,0,S,3,69.55,0
1181,male,Mr,24.0,0,1,S,3,9.325,0
1182,female,Mrs,21.0,0,1,S,3,7.65,1
1183,male,Mr,39.0,0,1,S,3,7.925,0
1184,male,Mr,18.8,2,0,C,3,21.6792,0
1185,male,Mr,18.8,2,0,C,3,21.6792,0
1186,male,Mr,18.8,2,0,C,3,21.6792,0
1187,female,Mrs,1.0,2,0,S,3,16.7,1
1188,female,Mrs,24.0,2,0,S,3,16.7,1
1189,female,Mrs,4.0,2,0,S,3,16.7,1
1190,male,Mr,25.0,0,1,S,3,9.5,1
1191,male,Mr,20.0,0,1,S,3,8.05,0
1192,male,Mr,24.5,0,1,S,3,8.05,0
1193,male,Mr,21.4,0,1,Q,3,7.725,0
1194,male,Mr,26.6,0,1,S,3,7.8958,0
1195,male,Mr,36.3,0,1,Q,3,7.75,0
1196,male,Mr,29.0,0,1,S,3,9.5,1
1197,male,Mr,35.7,0,1,S,3,15.1,0
1198,female,Mrs,28.8,0,1,Q,3,7.7792,1
1199,male,Mr,25.5,0,1,S,3,8.05,0
1200,male,Mr,25.5,0,1,S,3,8.05,0
1201,male,Mr,22.0,0,1,C,3,7.2292,0
1202,male,Mr,25.5,0,1,S,3,8.05,0
1203,male,Mr,40.0,0,1,S,3,7.8958,0
1204,male,Mr,21.0,0,1,S,3,7.925,0
1205,female,Mrs,18.0,0,1,S,3,7.4958,1
1206,male,Mr,4.0,5,0,S,3,27.9,0
1207,male,Mr,10.0,5,0,S,3,27.9,0
1208,female,Mrs,9.0,5,0,S,3,27.9,0
1209,female,Mrs,2.0,5,0,S,3,27.9,0
1210,male,Mr,40.0,5,0,S,3,27.9,0
1211,female,Mrs,45.0,5,0,S,3,27.9,0
1212,male,Mr,26.6,0,1,S,3,7.8958,0
1213,male,Mr,25.5,0,1,S,3,8.05,0
1214,male,Mr,26.4,0,1,S,3,8.6625,0
1215,male,Mr,36.3,0,1,Q,3,7.75,0
1216,female,Mrs,21.4,0,1,Q,3,7.7333,1
1217,male,Mr,19.0,0,1,S,3,7.65,0
1218,male,Mr,30.0,0,1,S,3,8.05,0
1219,male,Mr,25.5,0,1,S,3,8.05,0
1220,male,Mr,32.0,0,1,S,3,8.05,0
1221,male,Mr,26.6,0,1,S,3,7.8958,0
1222,male,Mr,33.0,0,1,C,3,8.6625,0
1223,female,Mrs,23.0,0,1,S,3,7.55,1
1224,male,Mr,21.0,0,1,S,3,8.05,0
1225,male,Mr,60.5,0,1,S,3,59.148340000000005,0
1226,male,Mr,19.0,0,1,S,3,7.8958,0
1227,female,Mrs,22.0,0,1,S,3,9.8375,0
1228,male,Mr,31.0,0,1,S,3,7.925,1
1229,male,Mr,27.0,0,1,S,3,8.6625,0
1230,female,Mrs,2.0,1,1,S,3,10.4625,0
1231,female,Mrs,29.0,2,0,S,3,10.4625,0
1232,male,Mr,16.0,0,1,S,3,8.05,1
1233,male,Mr,44.0,0,1,S,3,7.925,1
1234,male,Mr,25.0,0,1,S,3,7.05,0
1235,male,Mr,74.0,0,1,S,3,7.775,0
1236,male,Mr,14.0,0,1,S,3,9.225,1
1237,male,Mr,24.0,0,1,S,3,7.7958,0
1238,male,Mr,25.0,0,1,S,3,7.7958,1
1239,male,Mr,34.0,0,1,S,3,8.05,0
1240,male,Mr,0.4167,1,1,C,3,8.5167,1
1241,male,Mr,30.1,1,1,C,3,6.4375,0
1242,male,Mr,30.1,0,1,C,3,6.4375,0
1243,male,Mr,21.1,0,1,C,3,7.225,0
1244,female,Mrs,16.0,2,0,C,3,8.5167,1
1245,male,Mr,25.5,0,1,S,3,8.05,0
1246,male,Mr,29.9,1,1,S,3,16.1,0
1247,female,Mrs,29.9,1,1,S,3,16.1,1
1248,male,Mr,32.0,0,1,S,3,7.925,0
1249,male,Mr,36.3,0,1,Q,3,7.75,0
1250,male,Mr,26.6,0,1,S,3,7.8958,0
1251,male,Mr,30.5,0,1,S,3,8.05,0
1252,male,Mr,44.0,0,1,S,3,8.05,0
1253,male,Mr,21.0,0,1,C,3,7.2292,0
1254,male,Mr,25.0,0,1,S,3,0.0,1
1255,male,Mr,21.0,0,1,C,3,7.2292,0
1256,male,Mr,7.0,2,0,C,3,15.2458,1
1257,female,Mrs,9.0,2,0,C,3,15.2458,1
1258,female,Mrs,29.0,2,0,C,3,15.2458,1
1259,male,Mr,36.0,0,1,S,3,7.8958,0
1260,female,Mrs,18.0,0,1,S,3,9.8417,1
1261,female,Mrs,63.0,0,1,S,3,9.5875,1
1262,male,Mr,30.3,2,0,S,3,14.5,0
1263,male,Mr,11.5,2,0,S,3,14.5,0
1264,male,Mr,40.5,2,0,S,3,14.5,0
1265,female,Mrs,10.0,2,0,S,3,24.15,0
1266,male,Mr,36.0,2,0,S,3,24.15,0
1267,female,Mrs,30.0,2,0,S,3,24.15,0
1268,male,Mr,28.5,0,1,S,3,9.5,0
1269,male,Mr,33.0,0,1,S,3,9.5,0
1270,male,Mr,28.0,0,1,S,3,9.5,0
1271,male,Mr,28.0,0,1,S,3,9.5,0
1272,male,Mr,47.0,0,1,S,3,9.0,0
1273,female,Mrs,18.0,2,0,S,3,18.0,0
1274,male,Mr,31.0,3,0,S,3,18.0,0
1275,male,Mr,16.0,2,0,S,3,18.0,0
1276,female,Mrs,31.0,1,1,S,3,18.0,0
1277,male,Mr,22.0,0,1,C,3,7.225,1
1278,male,Mr,20.0,0,1,S,3,7.8542,0
1279,female,Mrs,14.0,0,1,S,3,7.8542,0
1280,male,Mr,22.0,0,1,S,3,7.8958,0
1281,male,Mr,22.0,0,1,S,3,9.0,0
1282,male,Mr,25.5,0,1,S,3,8.05,0
1283,male,Mr,28.6,0,1,S,3,7.55,0
1284,male,Mr,25.5,0,1,S,3,8.05,0
1285,male,Mr,32.5,0,1,S,3,9.5,0
1286,female,Mrs,38.0,0,1,C,3,7.2292,1
1287,male,Mr,51.0,0,1,S,3,7.75,0
1288,male,Mr,18.0,1,1,S,3,6.4958,0
1289,male,Mr,21.0,1,1,S,3,6.4958,0
1290,female,Mrs,47.0,1,1,S,3,7.0,1
1291,male,Mr,23.2,0,1,S,3,8.7125,0
1292,male,Mr,28.6,0,1,S,3,7.55,0
1293,male,Mr,25.5,0,1,S,3,8.05,0
1294,male,Mr,28.5,0,1,S,3,16.1,0
1295,male,Mr,21.0,0,1,S,3,7.25,0
1296,male,Mr,27.0,0,1,S,3,8.6625,0
1297,male,Mr,27.3,0,1,S,3,7.25,0
1298,male,Mr,36.0,0,1,S,3,9.5,0
1299,male,Mr,27.0,1,1,C,3,14.4542,0
1300,female,Mrs,15.0,1,1,C,3,14.4542,1
1301,male,Mr,45.5,0,1,C,3,7.225,0
1302,male,Mr,21.1,0,1,C,3,7.225,0
1303,male,Mr,21.2,0,1,C,3,14.4583,0
1304,female,Mrs,14.5,1,1,C,3,14.4542,0
1305,female,Mrs,20.7,1,1,C,3,14.4542,0
1306,male,Mr,26.5,0,1,C,3,7.225,0
1307,male,Mr,27.0,0,1,C,3,7.225,0
1308,male,Mr,29.0,0,1,S,3,7.875,0
