passenger_id,gender,title,age,family_size,is_alone,embarked,pclass,ticket_price,NO_SURVIVED,SURVIVED,y_true,y_predict
0,female,Mrs,18_30_years,=1,1,S,1,High,0,1,1,1
1,male,Mr,<12_years,3-5,0,S,1,High,0,1,1,1
2,female,Mrs,<12_years,3-5,0,S,1,High,1,0,0,0
3,male,Mr,18_30_years,3-5,0,S,1,High,1,0,0,0
4,female,Mrs,18_30_years,3-5,0,S,1,High,1,0,0,0
5,male,Mr,30_60_years,=1,1,S,1,High,0,1,1,1
6,female,Mrs,>60_years,=1,1,S,1,High,0,1,1,1
7,male,Mr,30_60_years,=1,1,S,1,Low,1,0,0,0
8,female,Mrs,30_60_years,=2,0,S,1,High,0,1,1,1
9,male,Mr,>60_years,=1,1,C,1,High,1,0,0,0
10,male,rare,30_60_years,=1,1,C,1,High,1,0,0,0
11,female,Mrs,12_18_years,=1,1,C,1,High,0,1,1,1
12,female,rare,18_30_years,=1,1,C,1,High,0,1,1,1
13,female,Mrs,18_30_years,=1,1,S,1,High,0,1,1,1
14,male,Mr,>60_years,=1,1,S,1,High,0,1,1,1
15,male,Mr,30_60_years,=1,1,S,1,Mid,1,0,0,0
16,male,Mr,18_30_years,=1,1,C,1,High,1,0,0,0
17,female,Mrs,30_60_years,=1,1,C,1,High,0,1,1,1
18,female,Mrs,30_60_years,=1,1,C,1,High,0,1,1,1
19,male,Mr,30_60_years,=1,1,C,1,High,1,0,0,0
20,male,Mr,30_60_years,=2,0,S,1,High,0,1,1,1
21,female,Mrs,30_60_years,=2,0,S,1,High,0,1,1,1
22,male,Mr,18_30_years,=1,1,C,1,High,0,1,1,1
23,female,Mrs,30_60_years,=1,1,C,1,High,0,1,1,1
24,female,Mrs,18_30_years,=1,1,S,1,High,0,1,1,1
25,male,Mr,18_30_years,=1,1,C,1,High,1,0,0,0
26,male,Mr,18_30_years,=1,1,C,1,High,0,1,1,1
27,female,Mrs,18_30_years,=1,1,C,1,High,0,1,1,1
28,female,Mrs,30_60_years,=1,1,S,1,High,0,1,1,1
29,male,Mr,18_30_years,=1,1,S,1,High,0,1,1,1
30,male,Mr,30_60_years,=1,1,S,1,High,1,0,0,0
31,male,Mr,30_60_years,=1,1,C,1,High,0,1,1,1
32,female,Mrs,18_30_years,=1,1,S,1,High,0,1,1,1
33,female,Mrs,30_60_years,=1,1,S,1,High,0,1,1,1
34,male,Mr,30_60_years,=1,1,S,1,High,1,0,0,0
35,female,Mrs,30_60_years,=1,1,C,1,High,0,1,1,1
36,female,Mrs,18_30_years,=1,1,S,1,High,0,1,1,1
37,male,Mr,30_60_years,=1,1,S,1,High,1,0,1,0
38,male,Mr,30_60_years,=1,1,S,1,High,1,0,0,0
39,male,Mr,30_60_years,=1,1,C,1,High,1,0,0,0
40,male,rare,18_30_years,=1,1,C,1,High,1,0,0,0
41,female,Mrs,30_60_years,=1,1,C,1,High,0,1,1,1
42,female,Mrs,30_60_years,=2,0,S,1,High,0,1,1,1
43,female,Mrs,30_60_years,=1,1,C,1,High,0,1,1,1
44,female,Mrs,30_60_years,=1,1,C,1,High,0,1,1,1
45,male,rare,30_60_years,=1,1,S,1,High,1,0,0,0
46,male,Mr,30_60_years,=1,1,S,1,High,1,0,0,0
47,male,Mr,30_60_years,=1,1,S,1,High,0,1,1,1
48,female,Mrs,30_60_years,=1,1,C,1,High,0,1,1,1
49,male,Mr,30_60_years,=1,1,C,1,High,0,1,1,1
50,female,Mrs,30_60_years,=1,1,C,1,High,0,1,1,1
51,male,Mr,30_60_years,=1,1,S,1,Low,1,0,0,0
52,male,Mr,18_30_years,=1,1,S,1,High,1,0,0,0
53,male,Mr,12_18_years,=1,1,S,1,High,1,0,0,0
54,male,Mr,<12_years,3-5,0,S,1,High,0,1,1,1
55,female,Mrs,12_18_years,3-5,0,S,1,High,0,1,1,1
56,male,Mr,30_60_years,3-5,0,S,1,High,0,1,1,1
57,female,Mrs,30_60_years,3-5,0,S,1,High,0,1,1,1
58,male,Mr,30_60_years,=1,1,S,1,High,1,0,0,0
59,female,Mrs,30_60_years,=1,1,C,1,High,0,1,1,1
60,male,Mr,30_60_years,=1,1,S,1,High,1,0,0,0
61,female,Mrs,>60_years,=1,1,S,1,High,0,1,1,1
62,male,Mr,30_60_years,=1,1,S,1,High,1,0,0,0
63,female,Mrs,30_60_years,=1,1,S,1,High,0,1,1,1
64,male,Mr,18_30_years,=1,1,S,1,High,0,1,1,1
65,female,Mrs,30_60_years,=1,1,S,1,High,0,1,1,1
66,female,Mrs,30_60_years,=1,1,C,1,High,0,1,1,1
67,female,Mrs,18_30_years,=1,1,S,1,High,0,1,1,1
68,male,Mr,30_60_years,=1,1,C,1,High,0,1,1,1
69,female,Mrs,30_60_years,=1,1,S,1,High,0,1,1,1
70,male,Mr,30_60_years,=1,1,S,1,Low,1,0,0,0
71,male,Mr,18_30_years,=1,1,C,1,High,1,0,0,0
72,female,Mrs,18_30_years,=1,1,C,1,High,0,1,1,1
73,female,Mrs,18_30_years,=1,1,S,1,High,0,1,1,1
74,male,Mr,30_60_years,=1,1,S,1,High,1,0,0,0
75,male,Mr,30_60_years,=1,1,S,1,Mid,1,0,0,0
76,female,Mrs,30_60_years,=2,0,C,1,High,0,1,1,1
77,male,Mr,30_60_years,=2,0,C,1,High,1,0,0,0
78,female,Mrs,>60_years,=2,0,C,1,High,0,1,1,1
79,female,Mrs,30_60_years,=2,0,S,1,Mid,0,1,1,1
80,male,Mr,30_60_years,=1,1,S,1,High,1,0,0,0
81,male,rare,>60_years,=2,0,S,1,High,1,0,0,0
82,female,Mrs,30_60_years,=2,0,S,1,High,0,1,1,1
83,female,Mrs,>60_years,=2,0,S,1,High,0,1,1,1
84,male,Mr,30_60_years,=1,1,C,1,High,1,0,0,0
85,female,Mrs,30_60_years,=1,1,C,1,High,0,1,1,1
86,male,Mr,30_60_years,=1,1,S,1,High,0,1,1,1
87,male,Mr,18_30_years,=1,1,S,1,High,0,1,1,1
88,female,Mrs,30_60_years,=1,1,S,1,High,0,1,1,1
89,male,Mr,30_60_years,=1,1,S,1,High,1,0,0,0
90,female,Mrs,18_30_years,3-5,0,S,1,High,0,1,1,1
91,male,Mr,30_60_years,=1,1,S,1,High,0,1,1,1
92,female,Mrs,12_18_years,=1,1,S,1,High,0,1,1,1
93,male,rare,30_60_years,=2,0,S,1,High,0,1,1,1
94,male,Mr,<12_years,=2,0,S,1,High,0,1,1,1
95,female,Mrs,30_60_years,=2,0,S,1,High,0,1,1,1
96,male,Mr,30_60_years,=1,1,C,1,High,1,0,0,0
97,female,Mrs,18_30_years,=2,0,C,1,High,0,1,1,1
98,female,Mrs,30_60_years,=1,1,C,1,High,0,1,1,1
99,female,rare,30_60_years,=1,1,C,1,High,0,1,1,1
100,male,rare,30_60_years,=1,1,C,1,High,0,1,1,1
101,male,Mr,30_60_years,=1,1,C,1,High,1,0,0,0
102,female,Mrs,18_30_years,=1,1,C,1,High,0,1,1,1
103,female,Mrs,30_60_years,=1,1,C,1,High,0,1,1,1
104,female,Mrs,30_60_years,=1,1,C,1,High,0,1,1,1
105,female,Mrs,30_60_years,=1,1,C,1,High,1,0,0,0
106,male,Mr,30_60_years,=1,1,S,1,High,1,0,0,0
107,female,Mrs,18_30_years,=1,1,S,1,High,0,1,1,1
108,female,Mrs,30_60_years,=1,1,C,1,High,0,1,1,1
109,male,Mr,30_60_years,=1,1,S,1,High,0,1,1,1
110,male,Mr,18_30_years,=1,1,C,1,High,1,0,0,0
111,female,Mrs,18_30_years,3-5,0,S,1,High,0,1,1,1
112,female,Mrs,18_30_years,3-5,0,S,1,High,0,1,1,1
113,female,Mrs,18_30_years,3-5,0,S,1,High,0,1,1,1
114,male,Mr,18_30_years,3-5,0,S,1,High,1,0,0,0
115,male,Mr,>60_years,3-5,0,S,1,High,1,0,0,0
116,female,Mrs,30_60_years,3-5,0,S,1,High,0,1,1,1
117,female,Mrs,18_30_years,=1,1,C,1,High,0,1,1,1
118,male,Mr,30_60_years,=1,1,S,1,High,1,0,0,0
119,male,rare,30_60_years,=2,0,S,1,High,0,1,1,1
120,male,Mr,30_60_years,=1,1,C,1,High,0,1,1,1
121,female,Mrs,30_60_years,=1,1,S,1,High,0,1,1,1
122,female,Mrs,18_30_years,=2,0,C,1,High,0,1,1,1
123,male,Mr,30_60_years,=2,0,C,1,High,0,1,1,1
124,female,Mrs,30_60_years,=2,0,C,1,High,0,1,1,1
125,male,Mr,30_60_years,=1,1,S,1,Low,1,0,0,0
126,male,Mr,30_60_years,=1,1,S,1,High,1,0,0,0
127,female,Mrs,30_60_years,=1,1,S,1,High,0,1,1,1
128,male,Mr,30_60_years,=1,1,S,1,High,1,0,0,0
129,female,Mrs,30_60_years,=1,1,C,1,High,0,1,1,1
130,female,Mrs,18_30_years,=1,1,C,1,High,0,1,1,1
131,female,Mrs,30_60_years,=1,1,C,1,High,0,1,1,1
132,male,Mr,18_30_years,=1,1,C,1,High,1,0,0,0
133,male,Mr,30_60_years,=1,1,C,1,High,0,1,1,1
134,female,Mrs,30_60_years,=1,1,C,1,High,0,1,1,1
135,male,Mr,>60_years,=1,1,C,1,High,1,0,0,0
136,male,rare,30_60_years,=1,1,C,1,High,0,1,1,1
137,female,Mrs,18_30_years,=1,1,S,1,High,0,1,1,1
138,male,Mr,30_60_years,=1,1,S,1,High,1,0,0,0
139,female,Mrs,30_60_years,=1,1,S,1,High,0,1,1,1
140,male,Mr,18_30_years,=1,1,C,1,High,0,1,1,1
141,female,Mrs,30_60_years,=1,1,C,1,High,0,1,1,1
142,male,Mr,30_60_years,=1,1,C,1,High,1,0,0,0
143,male,Mr,18_30_years,=1,1,C,1,High,0,1,1,1
144,female,Mrs,18_30_years,=1,1,C,1,High,0,1,1,1
145,male,Mr,30_60_years,=1,1,C,1,High,0,1,1,1
146,female,Mrs,30_60_years,=1,1,C,1,High,0,1,1,1
147,male,Mr,18_30_years,=1,1,S,1,High,1,0,0,0
148,male,Mr,30_60_years,=1,1,S,1,High,1,0,0,0
149,female,Mrs,30_60_years,=1,1,S,1,High,0,1,1,1
150,male,Mr,30_60_years,=1,1,S,1,Low,1,0,0,0
151,male,Mr,18_30_years,=1,1,C,1,High,0,1,1,1
152,male,Mr,30_60_years,=1,1,S,1,High,0,1,1,1
153,female,Mrs,18_30_years,=1,1,C,1,High,0,1,1,1
154,male,Mr,30_60_years,=2,0,S,1,High,1,0,0,0
155,female,Mrs,30_60_years,=2,0,S,1,High,0,1,1,1
156,male,Mr,30_60_years,=1,1,S,1,High,1,0,0,0
157,male,Mr,30_60_years,=1,1,S,1,High,1,0,0,0
158,male,Mr,30_60_years,=1,1,S,1,High,1,0,0,0
159,female,Mrs,12_18_years,=1,1,C,1,High,0,1,1,1
160,female,Mrs,30_60_years,=1,1,C,1,High,0,1,1,1
161,female,Mrs,30_60_years,=1,1,S,1,High,0,1,1,1
162,male,Mr,30_60_years,=1,1,S,1,High,1,0,0,0
163,female,Mrs,30_60_years,=1,1,S,1,High,0,1,1,1
164,male,Mr,30_60_years,=1,1,C,1,High,0,1,1,1
165,male,Mr,30_60_years,=1,1,S,1,High,0,1,1,1
166,male,Mr,30_60_years,=1,1,C,1,High,1,0,0,0
167,female,Mrs,30_60_years,=1,1,S,1,High,0,1,1,1
168,female,Mrs,30_60_years,=1,1,S,1,High,0,1,1,1
169,female,Mrs,30_60_years,=1,1,C,1,High,1,0,0,0
170,male,Mr,30_60_years,=1,1,S,1,Low,0,1,1,1
171,male,Mr,30_60_years,=1,1,S,1,High,1,0,0,0
172,male,Mr,30_60_years,=1,1,S,1,High,1,0,0,0
173,male,Mr,30_60_years,=1,1,C,1,High,1,0,0,0
174,male,Mr,30_60_years,=1,1,C,1,High,1,0,0,0
175,male,Mr,30_60_years,=1,1,S,1,High,1,0,0,0
176,female,Mrs,30_60_years,=1,1,S,1,High,0,1,1,1
177,male,Mr,30_60_years,=1,1,S,1,High,0,1,1,1
178,female,Mrs,30_60_years,=1,1,S,1,High,0,1,1,1
179,male,Mr,30_60_years,=1,1,S,1,High,1,0,0,0
180,female,Mrs,30_60_years,=1,1,S,1,High,0,1,1,1
181,female,rare,30_60_years,=1,1,S,1,Mid,0,1,1,1
182,female,Mrs,18_30_years,=1,1,C,1,High,0,1,1,1
183,male,Mr,30_60_years,=1,1,C,1,High,0,1,1,1
184,male,Mr,30_60_years,=1,1,C,1,High,1,0,0,0
185,male,Mr,30_60_years,=1,1,S,1,High,1,0,0,0
186,female,Mrs,30_60_years,=1,1,C,1,High,0,1,1,1
187,female,Mrs,12_18_years,=1,1,S,1,High,0,1,1,1
188,female,Mrs,30_60_years,=1,1,S,1,High,0,1,1,1
189,male,Mr,18_30_years,=1,1,S,1,High,1,0,0,0
190,female,Mrs,18_30_years,=1,1,S,1,High,0,1,1,1
191,male,Mr,18_30_years,=1,1,S,1,High,1,0,0,0
192,female,Mrs,30_60_years,=1,1,C,1,High,0,1,1,1
193,female,Mrs,12_18_years,=1,1,S,1,High,0,1,1,1
194,male,Mr,18_30_years,=1,1,S,1,High,1,0,0,0
195,female,Mrs,12_18_years,=1,1,S,1,High,0,1,1,1
196,male,Mr,30_60_years,=1,1,C,1,High,0,1,1,1
197,male,Mr,18_30_years,=1,1,S,1,High,1,0,0,0
198,female,Mrs,12_18_years,=1,1,S,1,High,0,1,1,1
199,female,rare,18_30_years,=1,1,C,1,High,0,1,1,1
200,male,Mr,30_60_years,=1,1,C,1,High,1,0,0,0
201,male,Mr,30_60_years,=1,1,S,1,High,1,0,0,0
202,male,Mr,30_60_years,=1,1,S,1,High,0,1,1,1
203,male,Mr,18_30_years,=1,1,C,1,High,1,0,0,0
204,female,Mrs,18_30_years,=1,1,C,1,High,0,1,1,1
205,male,Mr,>60_years,=1,1,S,1,High,1,0,0,0
206,male,rare,30_60_years,=2,0,Q,1,High,1,0,0,0
207,female,Mrs,30_60_years,=1,1,Q,1,High,0,1,1,1
208,female,Mrs,30_60_years,=1,1,Q,1,High,0,1,1,1
209,male,Mr,18_30_years,=1,1,C,1,High,0,1,1,1
210,male,Mr,30_60_years,=1,1,S,1,High,1,0,0,0
211,male,Mr,30_60_years,=1,1,S,1,High,1,0,0,0
212,male,Mr,30_60_years,=1,1,C,1,High,1,0,0,0
213,female,Mrs,30_60_years,=1,1,C,1,High,0,1,1,1
214,female,Mrs,18_30_years,=1,1,C,1,High,0,1,1,1
215,male,Mr,30_60_years,=2,0,C,1,High,1,0,0,0
216,female,Mrs,18_30_years,=2,0,S,1,High,0,1,1,1
217,male,Mr,>60_years,=1,1,S,1,High,1,0,0,0
218,female,rare,30_60_years,=1,1,C,1,High,0,1,1,1
219,male,Mr,30_60_years,=1,1,C,1,Mid,0,1,1,1
220,female,Mrs,18_30_years,=1,1,C,1,High,0,1,1,1
221,male,Mr,>60_years,=1,1,C,1,High,1,0,0,0
222,male,Mr,18_30_years,=1,1,C,1,High,1,0,0,0
223,male,Mr,30_60_years,=1,1,S,1,Low,1,0,0,0
224,male,Mr,30_60_years,=1,1,S,1,High,1,0,0,0
225,male,Mr,18_30_years,=1,1,S,1,High,1,0,0,0
226,male,Mr,18_30_years,=1,1,S,1,High,1,0,0,0
227,female,Mrs,18_30_years,=1,1,S,1,High,0,1,1,1
228,male,Mr,12_18_years,=1,1,C,1,High,1,0,0,0
229,female,Mrs,12_18_years,=1,1,C,1,High,0,1,1,1
230,female,Mrs,18_30_years,=1,1,S,1,High,0,1,1,1
231,male,rare,30_60_years,=1,1,S,1,High,0,1,1,1
232,male,Mr,30_60_years,=1,1,S,1,High,1,0,0,0
233,female,Mrs,30_60_years,=1,1,C,1,High,0,1,1,1
234,male,rare,30_60_years,=1,1,S,1,Low,1,0,0,0
235,male,Mr,18_30_years,=1,1,S,1,High,0,1,1,1
236,male,Mr,18_30_years,=1,1,C,1,High,1,0,0,0
237,male,Mr,30_60_years,=1,1,C,1,High,1,0,0,0
238,female,Mrs,30_60_years,=1,1,S,1,High,0,1,1,1
239,male,Mr,30_60_years,=1,1,S,1,High,1,0,0,0
240,male,Mr,30_60_years,=1,1,S,1,High,0,1,1,1
241,male,Mr,30_60_years,=1,1,S,1,High,1,0,0,0
242,female,Mrs,30_60_years,=1,1,C,1,High,0,1,1,1
243,male,Mr,30_60_years,=1,1,C,1,High,1,0,0,0
244,male,Mr,30_60_years,=1,1,C,1,High,1,0,0,0
245,female,rare,30_60_years,=1,1,S,1,High,0,1,1,1
246,male,Mr,30_60_years,=1,1,C,1,High,1,0,0,0
247,female,Mrs,30_60_years,=1,1,C,1,High,0,1,1,1
248,male,Mr,30_60_years,=1,1,S,1,High,1,0,0,0
249,male,Mr,12_18_years,3-5,0,C,1,High,0,1,1,1
250,female,Mrs,12_18_years,3-5,0,C,1,High,0,1,1,1
251,female,Mrs,18_30_years,3-5,0,C,1,High,0,1,1,1
252,male,Mr,>60_years,3-5,0,C,1,High,1,0,0,0
253,female,Mrs,30_60_years,3-5,0,C,1,High,0,1,1,1
254,male,Mr,30_60_years,=1,1,S,1,High,0,1,1,1
255,female,rare,18_30_years,=1,1,C,1,High,0,1,1,1
256,male,Mr,18_30_years,=1,1,S,1,High,1,0,1,0
257,female,Mrs,30_60_years,=1,1,C,1,High,0,1,1,1
258,female,Mrs,18_30_years,=1,1,C,1,High,0,1,1,1
259,male,Mr,30_60_years,=1,1,S,1,High,0,1,1,1
260,female,Mrs,30_60_years,=1,1,S,1,High,0,1,1,1
261,male,Mr,30_60_years,=1,1,S,1,High,0,1,1,1
262,male,Mr,30_60_years,=1,1,S,1,High,1,0,0,0
263,female,Mrs,30_60_years,=1,1,S,1,High,0,1,1,1
264,male,rare,30_60_years,=1,1,C,1,High,0,1,1,1
265,male,Mr,18_30_years,=1,1,S,1,High,0,1,1,1
266,male,Mr,30_60_years,=1,1,S,1,High,1,0,0,0
267,male,Mr,30_60_years,=1,1,C,1,High,1,0,0,0
268,male,Mr,18_30_years,=1,1,S,1,High,1,0,0,0
269,male,Mr,18_30_years,=1,1,S,1,High,1,0,0,0
270,female,Mrs,12_18_years,=1,1,S,1,High,0,1,1,1
271,male,Mr,18_30_years,=1,1,S,1,High,0,1,1,1
272,female,Mrs,18_30_years,=1,1,S,1,High,0,1,1,1
273,male,Mr,<12_years,=2,0,C,1,High,0,1,1,1
274,male,Mr,30_60_years,=2,0,C,1,High,0,1,1,1
275,female,Mrs,30_60_years,=2,0,C,1,High,0,1,1,1
276,male,Mr,30_60_years,=1,1,C,1,High,1,0,0,0
277,female,Mrs,30_60_years,=1,1,C,1,High,0,1,1,1
278,male,rare,30_60_years,=1,1,C,1,High,0,1,1,1
279,male,Mr,>60_years,=1,1,S,1,High,1,0,0,0
280,male,Mr,30_60_years,=1,1,C,1,High,0,1,1,1
281,female,Mrs,30_60_years,=1,1,C,1,High,0,1,1,1
282,female,Mrs,30_60_years,=1,1,C,1,High,0,1,1,1
283,male,Mr,30_60_years,=1,1,C,1,High,1,0,0,0
284,female,Mrs,>60_years,=1,1,S,1,High,0,1,1,1
285,male,Mr,>60_years,=1,1,S,1,High,1,0,0,0
286,female,Mrs,>60_years,=1,1,S,1,High,1,0,0,0
287,male,Mr,>60_years,=1,1,S,1,High,1,0,0,0
288,female,Mrs,30_60_years,=1,1,S,1,Mid,0,1,1,1
289,female,Mrs,12_18_years,=2,0,S,1,High,0,1,1,1
290,male,Mr,30_60_years,=2,0,S,1,High,1,0,0,0
291,female,Mrs,30_60_years,=2,0,S,1,High,0,1,1,1
292,male,Mr,30_60_years,=1,1,S,1,High,0,1,1,1
293,female,Mrs,30_60_years,=1,1,S,1,High,0,1,1,1
294,male,Mr,30_60_years,=2,0,C,1,High,1,0,0,0
295,male,Mr,12_18_years,=2,0,C,1,High,0,1,1,1
296,female,Mrs,30_60_years,=2,0,C,1,High,0,1,1,1
297,female,Mrs,30_60_years,=1,1,C,1,High,0,1,1,1
298,male,Mr,30_60_years,=1,1,C,1,High,0,1,1,1
299,male,rare,30_60_years,=1,1,C,1,High,1,0,0,0
300,male,Mr,>60_years,=1,1,S,1,High,1,0,0,0
301,male,Mr,30_60_years,=1,1,S,1,High,1,0,0,0
302,female,Mrs,30_60_years,=1,1,C,1,High,0,1,1,1
303,male,Mr,>60_years,=1,1,C,1,High,1,0,0,0
304,female,Mrs,30_60_years,=1,1,C,1,High,0,1,1,1
305,male,rare,30_60_years,=1,1,S,1,High,1,0,0,0
306,male,Mr,30_60_years,=1,1,S,1,High,1,0,0,0
307,male,Mr,18_30_years,=1,1,S,1,High,1,0,0,0
308,female,Mrs,30_60_years,=1,1,C,1,High,0,1,1,1
309,female,Mrs,30_60_years,=2,0,S,1,High,0,1,1,1
310,male,Mr,30_60_years,=2,0,S,1,High,1,0,0,0
311,female,Mrs,30_60_years,=2,0,S,1,High,0,1,1,1
312,male,Mr,30_60_years,=2,0,C,1,High,1,0,0,0
313,male,Mr,18_30_years,=2,0,C,1,High,1,0,0,0
314,female,Mrs,30_60_years,=2,0,C,1,High,0,1,1,1
315,female,Mrs,18_30_years,=1,1,S,1,High,0,1,1,1
316,male,Mr,30_60_years,=1,1,C,1,High,1,0,0,0
317,male,Mr,18_30_years,=1,1,C,1,High,0,1,1,1
318,male,Mr,30_60_years,=1,1,S,1,High,1,0,0,0
319,female,Mrs,30_60_years,=1,1,C,1,High,0,1,1,1
320,male,Mr,30_60_years,=1,1,S,1,High,0,1,1,1
321,male,Mr,>60_years,=1,1,S,1,High,1,0,0,0
322,female,Mrs,30_60_years,=1,1,C,1,High,0,1,1,1
323,male,Mr,18_30_years,=1,1,C,2,Mid,1,0,0,0
324,female,Mrs,18_30_years,=1,1,C,2,Mid,0,1,1,1
325,male,Mr,18_30_years,=1,1,S,2,Mid,1,0,0,0
326,male,Mr,12_18_years,=1,1,S,2,Mid,1,0,0,0
327,male,Mr,18_30_years,=1,1,S,2,Mid,1,0,0,0
328,male,Mr,30_60_years,=1,1,S,2,High,1,0,0,0
329,female,Mrs,30_60_years,=1,1,S,2,High,0,1,1,1
330,male,Mr,30_60_years,=1,1,S,2,Mid,1,0,0,0
331,male,Mr,12_18_years,=1,1,S,2,Mid,1,0,0,0
332,male,Mr,18_30_years,=1,1,S,2,Mid,1,0,0,0
333,female,Mrs,30_60_years,=1,1,S,2,Mid,0,1,1,1
334,male,Mr,18_30_years,=1,1,S,2,Mid,1,0,0,0
335,male,rare,30_60_years,=1,1,S,2,Mid,1,0,0,0
336,male,Mr,30_60_years,=1,1,S,2,High,0,1,1,1
337,female,Mrs,18_30_years,=1,1,S,2,High,0,1,1,1
338,male,Mr,18_30_years,=1,1,S,2,High,1,0,0,0
339,male,Mr,<12_years,3-5,0,S,2,High,0,1,1,1
340,female,Mrs,<12_years,3-5,0,S,2,High,0,1,1,1
341,female,Mrs,<12_years,3-5,0,S,2,High,0,1,1,1
342,female,Mrs,30_60_years,3-5,0,S,2,High,0,1,1,1
343,male,Mr,30_60_years,=1,1,S,2,Mid,1,0,1,0
344,female,Mrs,18_30_years,=1,1,S,2,Mid,0,1,1,1
345,male,Mr,18_30_years,=1,1,S,2,Mid,1,0,0,0
346,male,Mr,18_30_years,=1,1,S,2,Mid,1,0,0,0
347,male,Mr,30_60_years,=1,1,S,2,Mid,1,0,0,0
348,male,Mr,18_30_years,=1,1,S,2,Mid,1,0,0,0
349,female,Mrs,18_30_years,=1,1,S,2,Mid,0,1,1,1
350,female,Mrs,12_18_years,=2,0,S,2,High,0,1,1,1
351,male,Mr,30_60_years,=2,0,S,2,High,1,0,0,0
352,female,Mrs,30_60_years,=2,0,S,2,High,0,1,1,1
353,female,Mrs,18_30_years,=1,1,S,2,High,0,1,1,1
354,male,Mr,18_30_years,=1,1,S,2,High,1,0,0,0
355,female,Mrs,30_60_years,=1,1,S,2,Mid,0,1,1,1
356,male,Mr,18_30_years,=1,1,S,2,Mid,1,0,0,0
357,male,rare,30_60_years,=1,1,S,2,Mid,1,0,0,0
358,female,Mrs,30_60_years,=1,1,S,2,Mid,0,1,1,1
359,male,Mr,<12_years,=2,0,S,2,High,0,1,1,1
360,male,Mr,18_30_years,=2,0,S,2,High,0,1,1,1
361,female,Mrs,18_30_years,=2,0,S,2,High,0,1,1,1
362,female,Mrs,30_60_years,=1,1,S,2,Mid,0,1,1,1
363,male,Mr,30_60_years,=1,1,S,2,Low,1,0,0,0
364,male,Mr,18_30_years,=1,1,S,2,Mid,1,0,0,0
365,female,Mrs,30_60_years,=1,1,S,2,High,1,0,0,0
366,male,rare,30_60_years,=1,1,S,2,High,1,0,0,0
367,male,Mr,30_60_years,=1,1,S,2,Mid,1,0,0,0
368,male,Mr,30_60_years,=1,1,S,2,High,1,0,0,0
369,female,Mrs,18_30_years,=1,1,S,2,High,0,1,0,1
370,female,Mrs,18_30_years,=2,0,S,2,High,0,1,1,1
371,female,Mrs,30_60_years,=2,0,S,2,High,0,1,1,1
372,male,Mr,18_30_years,=1,1,S,2,High,1,0,0,0
373,female,Mrs,18_30_years,=1,1,S,2,High,0,1,1,1
374,male,Mr,18_30_years,=1,1,S,2,Mid,1,0,0,0
375,male,Mr,18_30_years,=1,1,S,2,Mid,1,0,0,0
376,male,Mr,18_30_years,=1,1,S,2,Mid,1,0,1,0
377,female,Mrs,<12_years,=2,0,S,2,High,0,1,1,1
378,male,Mr,30_60_years,=2,0,S,2,High,1,0,0,0
379,female,Mrs,30_60_years,=2,0,S,2,High,0,1,1,1
380,female,Mrs,18_30_years,=1,1,S,2,Mid,0,1,1,1
381,female,Mrs,18_30_years,=1,1,S,2,Mid,0,1,0,1
382,female,Mrs,30_60_years,=1,1,S,2,Mid,1,0,0,0
383,male,Mr,18_30_years,=1,1,S,2,Mid,1,0,0,0
384,male,Mr,30_60_years,=1,1,S,2,Low,1,0,0,0
385,male,Mr,<12_years,=2,0,S,2,High,0,1,1,1
386,male,Mr,12_18_years,=1,1,S,2,High,1,0,0,0
387,female,Mrs,30_60_years,=2,0,S,2,High,0,1,1,1
388,female,Mrs,18_30_years,=1,1,S,2,Mid,0,1,1,1
389,male,Mr,30_60_years,=1,1,S,2,Mid,1,0,0,0
390,male,Mr,12_18_years,=1,1,S,2,High,1,0,0,0
391,male,Mr,18_30_years,=1,1,C,2,High,1,0,0,0
392,female,Mrs,18_30_years,=1,1,C,2,High,0,1,1,1
393,male,Mr,18_30_years,=1,1,S,2,High,1,0,0,0
394,male,Mr,12_18_years,=1,1,S,2,High,1,0,0,0
395,female,Mrs,12_18_years,=1,1,S,2,Mid,0,1,1,1
396,female,Mrs,30_60_years,=1,1,S,2,Mid,0,1,1,1
397,male,Mr,30_60_years,=1,1,S,2,High,1,0,0,0
398,male,Mr,<12_years,=2,0,S,2,High,0,1,1,1
399,male,Mr,30_60_years,=2,0,S,2,High,1,0,0,0
400,female,Mrs,30_60_years,=2,0,S,2,High,0,1,1,1
401,female,Mrs,18_30_years,=1,1,C,2,Mid,0,1,1,1
402,female,Mrs,18_30_years,=1,1,C,2,Mid,0,1,1,1
403,male,Mr,18_30_years,=1,1,S,2,Mid,1,0,0,0
404,male,Mr,18_30_years,=1,1,S,2,Mid,1,0,0,0
405,male,Mr,12_18_years,=1,1,S,2,Mid,1,0,0,0
406,male,Mr,30_60_years,=1,1,S,2,High,1,0,0,0
407,female,Mrs,18_30_years,=1,1,S,2,High,0,1,1,1
408,male,Mr,12_18_years,=1,1,S,2,Mid,1,0,0,0
409,male,Mr,30_60_years,=1,1,S,2,Mid,1,0,0,0
410,male,Mr,30_60_years,=1,1,S,2,Low,1,0,0,0
411,female,Mrs,30_60_years,=1,1,S,2,Mid,1,0,0,0
412,male,Mr,30_60_years,=1,1,S,2,High,1,0,0,0
413,male,Mr,30_60_years,=1,1,S,2,Mid,1,0,0,0
414,male,Mr,30_60_years,=1,1,S,2,Mid,1,0,0,0
415,female,Mrs,30_60_years,=1,1,S,2,Mid,0,1,1,1
416,male,Mr,12_18_years,=1,1,S,2,High,1,0,0,0
417,male,Mr,18_30_years,=1,1,S,2,Mid,1,0,0,0
418,male,Mr,30_60_years,=1,1,S,2,Mid,1,0,0,0
419,male,Mr,18_30_years,=1,1,S,2,Mid,1,0,0,0
420,male,Mr,18_30_years,=1,1,S,2,Mid,1,0,0,0
421,male,Mr,18_30_years,=1,1,S,2,Mid,1,0,0,0
422,male,Mr,18_30_years,=1,1,S,2,Mid,1,0,0,0
423,male,Mr,30_60_years,=1,1,S,2,Mid,1,0,0,0
424,male,Mr,18_30_years,=1,1,S,2,Mid,1,0,0,0
425,male,Mr,30_60_years,=1,1,S,2,Mid,1,0,0,0
426,male,Mr,18_30_years,=1,1,S,2,Mid,1,0,0,0
427,male,Mr,<12_years,=2,0,S,2,Mid,0,1,1,1
428,female,Mrs,18_30_years,=2,0,S,2,Mid,0,1,1,1
429,male,Mr,30_60_years,=1,1,S,2,Mid,1,0,0,0
430,female,Mrs,<12_years,=1,1,S,2,High,0,1,1,1
431,male,rare,18_30_years,=1,1,S,2,High,1,0,0,0
432,male,Mr,>60_years,=1,1,S,2,Mid,0,1,1,1
433,male,Mr,18_30_years,=1,1,S,2,Mid,1,0,0,0
434,female,Mrs,<12_years,=2,0,S,2,High,0,1,1,1
435,male,Mr,30_60_years,=2,0,S,2,High,1,0,0,0
436,female,Mrs,30_60_years,=2,0,S,2,High,0,1,1,1
437,female,Mrs,18_30_years,3-5,0,S,2,High,0,1,1,1
438,female,Mrs,18_30_years,3-5,0,S,2,High,0,1,1,1
439,male,Mr,30_60_years,3-5,0,S,2,High,1,0,0,0
440,female,Mrs,30_60_years,3-5,0,S,2,High,0,1,1,1
441,female,Mrs,30_60_years,=1,1,S,2,Mid,0,1,1,1
442,male,Mr,18_30_years,=2,0,S,2,High,1,0,0,0
443,male,Mr,30_60_years,=2,0,S,2,High,1,0,0,0
444,male,Mr,18_30_years,=2,0,S,2,High,1,0,0,0
445,female,Mrs,12_18_years,=2,0,S,2,Mid,0,1,0,1
446,female,Mrs,18_30_years,3-5,0,S,2,Mid,0,1,1,1
447,male,Mr,18_30_years,3-5,0,S,2,Mid,1,0,0,0
448,male,Mr,30_60_years,=1,1,S,2,Mid,1,0,0,0
449,female,Mrs,30_60_years,3-5,0,S,2,Mid,0,1,1,1
450,male,Mr,30_60_years,=1,1,S,2,Mid,1,0,0,0
451,male,Mr,30_60_years,=1,1,S,2,High,1,0,0,0
452,female,Mrs,18_30_years,=1,1,S,2,High,0,1,1,1
453,male,Mr,18_30_years,=1,1,S,2,High,1,0,0,0
454,male,Mr,30_60_years,=1,1,S,2,Mid,1,0,1,0
455,male,Mr,>60_years,=1,1,S,2,High,1,0,0,0
456,female,Mrs,30_60_years,=1,1,S,2,High,1,0,0,0
457,male,Mr,30_60_years,=1,1,S,2,Mid,1,0,0,0
458,female,Mrs,12_18_years,=1,1,S,2,Mid,0,1,1,1
459,male,Mr,30_60_years,=1,1,S,2,High,1,0,0,0
460,female,Mrs,18_30_years,3-5,0,S,2,High,0,1,1,1
461,male,Mr,30_60_years,=1,1,S,2,Mid,1,0,0,0
462,male,Mr,18_30_years,=2,0,S,2,High,1,0,0,0
463,male,Mr,18_30_years,=2,0,S,2,High,1,0,0,0
464,male,Mr,30_60_years,=1,1,S,2,Mid,1,0,0,0
465,female,Mrs,18_30_years,=1,1,C,2,Mid,0,1,1,1
466,male,Mr,30_60_years,=1,1,S,2,High,1,0,0,0
467,female,Mrs,18_30_years,=1,1,S,2,High,0,1,1,1
468,female,Mrs,18_30_years,=1,1,S,2,Mid,1,0,0,0
469,female,Mrs,30_60_years,=1,1,Q,2,Mid,0,1,1,1
470,male,Mr,30_60_years,=1,1,Q,2,Mid,1,0,0,0
471,female,Mrs,30_60_years,=1,1,S,2,Mid,0,1,1,1
472,male,rare,30_60_years,=1,1,Q,2,Mid,1,0,0,0
473,male,Mr,30_60_years,=1,1,S,2,Low,1,0,0,0
474,male,Mr,30_60_years,=1,1,S,2,Mid,1,0,0,0
475,female,Mrs,18_30_years,=2,0,S,2,High,1,0,0,0
476,male,rare,18_30_years,=2,0,S,2,High,1,0,0,0
477,male,Mr,30_60_years,=1,1,Q,2,Mid,1,0,0,0
478,female,Mrs,<12_years,3-5,0,C,2,High,0,1,1,1
479,female,Mrs,<12_years,3-5,0,C,2,High,0,1,1,1
480,male,Mr,18_30_years,3-5,0,C,2,High,1,0,0,0
481,female,Mrs,18_30_years,3-5,0,C,2,High,0,1,1,1
482,female,Mrs,12_18_years,=1,1,C,2,Mid,0,1,1,1
483,female,Mrs,30_60_years,=1,1,S,2,High,0,1,1,1
484,female,Mrs,30_60_years,=1,1,S,2,Mid,0,1,1,1
485,male,Mr,30_60_years,=1,1,C,2,Mid,1,0,0,0
486,male,Mr,18_30_years,=1,1,S,2,Mid,1,0,0,0
487,male,Mr,>60_years,=1,1,Q,2,Mid,1,0,0,0
488,male,Mr,30_60_years,=1,1,S,2,High,1,0,0,0
489,female,Mrs,30_60_years,=1,1,S,2,High,0,1,1,1
490,female,Mrs,30_60_years,=1,1,S,2,Mid,1,0,0,0
491,male,Mr,30_60_years,=1,1,C,2,Mid,1,0,0,0
492,male,Mr,<12_years,=2,0,C,2,High,0,1,1,1
493,male,Mr,30_60_years,=2,0,C,2,High,1,0,0,0
494,female,Mrs,18_30_years,=2,0,C,2,High,0,1,1,1
495,male,Mr,18_30_years,=1,1,C,2,Mid,1,0,0,0
496,male,Mr,18_30_years,=1,1,S,2,Mid,1,0,0,0
497,male,Mr,30_60_years,=1,1,S,2,Mid,1,0,0,0
498,male,Mr,30_60_years,=1,1,S,2,Mid,1,0,0,0
499,male,Mr,18_30_years,=1,1,S,2,Mid,1,0,0,0
500,male,Mr,30_60_years,=1,1,S,2,High,1,0,0,0
501,female,Mrs,12_18_years,=1,1,S,2,Mid,0,1,1,1
502,female,Mrs,30_60_years,=1,1,S,2,Mid,0,1,1,1
503,male,Mr,18_30_years,=1,1,S,2,Mid,1,0,1,0
504,male,Mr,30_60_years,=1,1,S,2,Mid,1,0,0,0
505,male,Mr,30_60_years,=1,1,S,2,Mid,1,0,0,0
506,male,Mr,>60_years,=1,1,S,2,Mid,1,0,0,0
507,male,rare,18_30_years,=1,1,S,2,Mid,1,0,0,0
508,male,rare,30_60_years,=1,1,S,2,Mid,1,0,0,0
509,male,Mr,30_60_years,=1,1,S,2,High,1,0,0,0
510,male,Mr,12_18_years,=1,1,S,2,Mid,1,0,0,0
511,male,Mr,>60_years,=1,1,Q,2,Mid,1,0,0,0
512,male,Mr,30_60_years,=1,1,C,2,High,1,0,0,0
513,female,Mrs,12_18_years,=1,1,C,2,High,0,1,1,1
514,male,Mr,<12_years,=2,0,S,2,High,0,1,1,1
515,male,Mr,<12_years,=2,0,S,2,High,0,1,1,1
516,male,Mr,30_60_years,=2,0,S,2,High,1,0,0,0
517,male,Mr,18_30_years,=1,1,S,2,Mid,1,0,0,0
518,male,Mr,18_30_years,=2,0,S,2,High,1,0,0,0
519,male,Mr,18_30_years,=1,1,S,2,Mid,1,0,0,0
520,male,Mr,18_30_years,=1,1,C,2,Mid,0,1,1,1
521,female,Mrs,18_30_years,=1,1,S,2,Mid,0,1,1,1
522,male,Mr,30_60_years,=1,1,S,2,Mid,1,0,0,0
523,male,Mr,18_30_years,=1,1,S,2,Mid,0,1,1,1
524,male,Mr,18_30_years,=1,1,C,2,Mid,0,1,1,1
525,male,rare,18_30_years,=1,1,S,2,Mid,1,0,0,0
526,male,Mr,18_30_years,=1,1,C,2,Mid,0,1,1,1
527,male,Mr,18_30_years,=1,1,S,2,Mid,1,0,0,0
528,male,Mr,30_60_years,=1,1,S,2,Low,1,0,0,0
529,female,Mrs,30_60_years,=1,1,S,2,High,0,1,1,1
530,male,Mr,18_30_years,=1,1,S,2,Mid,1,0,0,0
531,male,Mr,30_60_years,=1,1,C,2,Mid,1,0,0,0
532,male,rare,30_60_years,=1,1,S,2,Mid,1,0,0,0
533,female,Mrs,18_30_years,=1,1,S,2,Mid,0,1,1,1
534,female,Mrs,18_30_years,=1,1,S,2,High,0,1,1,1
535,male,Mr,30_60_years,=1,1,S,2,Mid,1,0,0,0
536,female,Mrs,30_60_years,=1,1,S,2,Mid,0,1,1,1
537,male,Mr,30_60_years,=1,1,S,2,Mid,1,0,0,0
538,male,Mr,18_30_years,=1,1,C,2,Mid,0,1,1,1
539,male,Mr,18_30_years,=1,1,C,2,Mid,1,0,0,0
540,female,Mrs,<12_years,=2,0,S,2,High,0,1,1,1
541,female,Mrs,<12_years,=2,0,S,2,High,0,1,1,1
542,female,Mrs,30_60_years,=2,0,S,2,High,0,1,1,1
543,male,Mr,30_60_years,=1,1,S,2,Mid,1,0,0,0
544,male,Mr,30_60_years,=1,1,S,2,Mid,1,0,0,0
545,female,Mrs,18_30_years,3-5,0,S,2,Mid,0,1,1,1
546,female,rare,18_30_years,=1,1,S,2,Mid,0,1,1,1
547,male,Mr,18_30_years,=1,1,C,2,Mid,1,0,0,0
548,male,Mr,<12_years,=2,0,S,2,Mid,0,1,1,1
549,male,Mr,<12_years,=2,0,S,2,Mid,0,1,1,1
550,female,Mrs,18_30_years,3-5,0,S,2,Mid,0,1,1,1
551,female,Mrs,30_60_years,=1,1,S,2,Mid,0,1,1,1
552,male,Mr,18_30_years,=1,1,S,2,Mid,1,0,0,0
553,female,Mrs,18_30_years,=1,1,S,2,Mid,0,1,1,1
554,male,Mr,18_30_years,=1,1,S,2,Mid,1,0,0,0
555,male,Mr,18_30_years,=1,1,S,2,Mid,1,0,0,0
556,male,Mr,18_30_years,=1,1,S,2,High,1,0,0,0
557,female,Mrs,18_30_years,=1,1,S,2,High,0,1,1,1
558,female,Mrs,12_18_years,=2,0,S,2,Mid,0,1,1,1
559,female,Mrs,18_30_years,=1,1,S,2,High,0,1,1,1
560,female,Mrs,18_30_years,=1,1,S,2,Mid,0,1,1,1
561,male,Mr,30_60_years,=1,1,S,2,Mid,1,0,0,0
562,female,Mrs,18_30_years,=1,1,Q,2,Mid,0,1,1,1
563,male,Mr,30_60_years,=1,1,S,2,Mid,1,0,0,0
564,female,Mrs,30_60_years,=1,1,S,2,Mid,0,1,1,1
565,male,Mr,18_30_years,=1,1,S,2,Mid,1,0,0,0
566,male,Mr,30_60_years,=1,1,C,2,Mid,1,0,0,0
567,male,Mr,18_30_years,=1,1,S,2,Mid,1,0,0,0
568,male,Mr,18_30_years,=1,1,S,2,Mid,1,0,0,0
569,male,Mr,12_18_years,=1,1,S,2,High,1,0,0,0
570,female,Mrs,30_60_years,=1,1,S,2,Mid,0,1,1,1
571,male,Mr,18_30_years,=1,1,S,2,Mid,1,0,0,0
572,female,Mrs,18_30_years,=1,1,S,2,Mid,0,1,1,1
573,female,Mrs,18_30_years,=1,1,S,2,Mid,0,1,1,1
574,male,Mr,18_30_years,=1,1,S,2,Mid,1,0,0,0
575,female,Mrs,18_30_years,=1,1,S,2,Mid,1,0,0,0
576,male,Mr,30_60_years,=1,1,S,2,Mid,1,0,0,0
577,female,Mrs,30_60_years,=1,1,S,2,Mid,0,1,1,1
578,male,Mr,18_30_years,=1,1,S,2,Mid,1,0,0,0
579,male,Mr,18_30_years,=1,1,S,2,Mid,1,0,0,0
580,female,Mrs,30_60_years,=1,1,S,2,Mid,0,1,1,1
581,male,Mr,30_60_years,=1,1,S,2,Low,1,0,0,0
582,female,Mrs,<12_years,=1,1,S,2,Mid,0,1,1,1
583,female,Mrs,30_60_years,=1,1,S,2,Mid,0,1,1,1
584,female,Mrs,30_60_years,=1,1,S,2,Mid,0,1,1,1
585,male,Mr,18_30_years,=1,1,S,2,High,1,0,0,0
586,female,Mrs,18_30_years,=1,1,S,2,High,0,1,1,1
587,male,Mr,<12_years,=2,0,S,2,Mid,0,1,1,1
588,female,Mrs,<12_years,=2,0,S,2,Mid,0,1,1,1
589,female,Mrs,18_30_years,=2,0,S,2,Mid,0,1,1,1
590,female,Mrs,<12_years,3-5,0,S,2,High,0,1,1,1
591,female,Mrs,<12_years,3-5,0,S,2,High,0,1,1,1
592,male,Mr,30_60_years,3-5,0,S,2,High,1,0,0,0
593,female,Mrs,30_60_years,3-5,0,S,2,High,0,1,1,1
594,male,Mr,>60_years,=1,1,S,2,Mid,1,0,0,0
595,male,Mr,30_60_years,=1,1,S,2,Mid,1,0,0,0
596,male,Mr,30_60_years,=1,1,S,2,Mid,0,1,1,1
597,male,Mr,30_60_years,=1,1,S,2,Mid,0,1,1,1
598,female,Mrs,18_30_years,=1,1,S,2,Mid,0,1,1,1
599,female,Mrs,18_30_years,=1,1,S,2,Mid,0,1,0,1
600,male,Mr,30_60_years,=1,1,S,3,Low,1,0,0,0
601,male,Mr,12_18_years,=2,0,S,3,Mid,1,0,0,0
602,male,Mr,12_18_years,=2,0,S,3,Mid,1,0,0,0
603,female,Mrs,30_60_years,=2,0,S,3,Mid,0,1,1,1
604,female,Mrs,12_18_years,=1,1,S,3,Low,0,1,1,1
605,male,Mr,18_30_years,=1,1,S,3,Low,1,0,1,0
606,male,Mr,18_30_years,=1,1,S,3,Low,0,1,1,1
607,female,Mrs,12_18_years,=1,1,C,3,Low,0,1,1,1
608,male,Mr,18_30_years,=1,1,S,3,Low,1,0,0,0
609,male,Mr,18_30_years,=1,1,S,3,Low,1,0,0,0
610,female,Mrs,30_60_years,=1,1,S,3,Mid,1,0,0,0
611,male,Mr,<12_years,=1,1,S,3,Mid,0,1,1,1
612,female,Mrs,12_18_years,=1,1,S,3,Mid,0,1,1,1
613,male,Mr,18_30_years,=1,1,C,3,Mid,0,1,1,1
614,male,Mr,18_30_years,=1,1,S,3,Low,1,0,0,0
615,male,Mr,18_30_years,=1,1,S,3,Low,0,1,0,1
616,male,Mr,18_30_years,=1,1,S,3,Low,1,0,0,0
617,male,Mr,18_30_years,=1,1,S,3,Low,1,0,0,0
618,male,Mr,30_60_years,=1,1,S,3,Low,1,0,0,0
619,male,Mr,12_18_years,=1,1,S,3,Low,1,0,0,0
620,male,Mr,30_60_years,=1,1,S,3,Mid,1,0,0,0
621,female,Mrs,18_30_years,=1,1,S,3,Low,0,1,1,1
622,male,Mr,<12_years,>5,0,S,3,High,1,0,0,0
623,female,Mrs,<12_years,>5,0,S,3,High,1,0,0,0
624,female,Mrs,<12_years,>5,0,S,3,High,1,0,0,0
625,female,Mrs,12_18_years,>5,0,S,3,Low,0,1,1,1
626,female,Mrs,30_60_years,>5,0,S,3,Low,1,0,0,0
627,female,Mrs,<12_years,>5,0,S,3,High,1,0,0,0
628,female,Mrs,<12_years,>5,0,S,3,High,1,0,0,0
629,male,Mr,30_60_years,>5,0,S,3,High,1,0,0,0
630,male,Mr,18_30_years,=1,1,S,3,Low,0,1,1,1
631,male,Mr,18_30_years,=1,1,S,3,Low,1,0,0,0
632,female,Mrs,30_60_years,>5,0,S,3,High,1,0,0,0
633,male,Mr,18_30_years,=1,1,S,3,Low,1,0,0,0
634,male,Mr,18_30_years,=1,1,S,3,Low,1,0,0,0
635,male,Mr,18_30_years,=1,1,S,3,Mid,1,0,0,0
636,female,Mrs,12_18_years,=1,1,S,3,Mid,1,0,0,0
637,male,Mr,18_30_years,=1,1,S,3,Low,1,0,0,0
638,male,Mr,30_60_years,=1,1,S,3,Low,1,0,0,0
639,male,Mr,<12_years,>5,0,S,3,High,1,0,0,0
640,male,Mr,<12_years,>5,0,S,3,High,1,0,0,0
641,male,Mr,<12_years,>5,0,S,3,High,0,1,1,1
642,male,Mr,12_18_years,>5,0,S,3,High,1,0,0,0
643,female,Mrs,<12_years,>5,0,S,3,High,0,1,1,1
644,male,Mr,30_60_years,>5,0,S,3,High,1,0,0,0
645,male,Mr,18_30_years,=1,1,S,3,Low,0,1,1,1
646,female,Mrs,30_60_years,>5,0,S,3,High,0,1,1,1
647,female,Mrs,30_60_years,=1,1,C,3,Low,0,1,1,1
648,male,Mr,18_30_years,=1,1,C,3,Low,1,0,0,0
649,male,Mr,18_30_years,=1,1,S,3,Low,1,0,0,0
650,female,Mrs,12_18_years,=1,1,C,3,Mid,1,0,0,0
651,male,Mr,18_30_years,=1,1,C,3,Low,1,0,0,0
652,male,Mr,18_30_years,=1,1,S,3,Low,1,0,0,0
653,female,Mrs,12_18_years,=1,1,C,3,Low,0,1,1,1
654,male,Mr,18_30_years,=1,1,C,3,Low,1,0,0,0
655,male,Mr,30_60_years,=1,1,S,3,Mid,1,0,0,0
656,female,Mrs,30_60_years,3-5,0,S,3,Mid,0,1,1,1
657,female,Mrs,<12_years,3-5,0,C,3,Mid,0,1,1,1
658,female,Mrs,<12_years,3-5,0,C,3,Mid,0,1,1,1
659,female,Mrs,<12_years,3-5,0,C,3,Mid,0,1,1,1
660,female,Mrs,18_30_years,3-5,0,C,3,Mid,0,1,1,1
661,female,Mrs,12_18_years,=1,1,S,3,Low,0,1,1,1
662,male,Mr,30_60_years,=1,1,C,3,Low,1,0,0,0
663,male,Mr,18_30_years,=1,1,S,3,Low,1,0,0,0
664,male,Mr,18_30_years,=1,1,C,3,Low,0,1,1,1
665,female,Mrs,12_18_years,=1,1,C,3,Mid,1,0,0,0
666,female,Mrs,30_60_years,=1,1,C,3,Mid,1,0,0,0
667,female,Mrs,18_30_years,=1,1,Q,3,Low,1,0,0,0
668,male,Mr,18_30_years,=1,1,S,3,Low,1,0,0,0
669,male,Mr,18_30_years,=1,1,S,3,Low,0,1,0,1
670,male,Mr,18_30_years,=1,1,S,3,Low,1,0,0,0
671,male,Mr,18_30_years,=1,1,S,3,Mid,1,0,0,0
672,male,Mr,18_30_years,=1,1,C,3,Low,1,0,0,0
673,male,Mr,18_30_years,=1,1,C,3,Low,1,0,0,0
674,male,Mr,30_60_years,=1,1,S,3,High,0,1,1,1
675,male,Mr,18_30_years,=1,1,S,3,Low,1,0,0,0
676,male,Mr,12_18_years,=1,1,S,3,Low,1,0,0,0
677,male,Mr,18_30_years,=1,1,S,3,Low,1,0,0,0
678,male,Mr,<12_years,=2,0,C,3,Mid,1,0,0,0
679,female,Mrs,<12_years,=2,0,C,3,Mid,0,1,0,1
680,male,Mr,18_30_years,=1,1,C,3,Low,1,0,0,0
681,female,Mrs,<12_years,=2,0,C,3,Mid,0,1,0,1
682,female,Mrs,30_60_years,=2,0,Q,3,Low,1,0,0,0
683,male,Mr,30_60_years,=2,0,Q,3,Mid,1,0,0,0
684,female,Mrs,30_60_years,=2,0,Q,3,Mid,1,0,0,0
685,male,Mr,18_30_years,=1,1,S,3,Mid,1,0,0,0
686,female,Mrs,18_30_years,=1,1,Q,3,Low,0,1,1,1
687,female,Mrs,18_30_years,=1,1,S,3,Low,1,0,0,0
688,male,Mr,18_30_years,=1,1,S,3,Low,1,0,0,0
689,male,Mr,18_30_years,=1,1,S,3,Low,1,0,0,0
690,male,Mr,18_30_years,=1,1,S,3,Low,1,0,0,0
691,male,Mr,30_60_years,=1,1,S,3,Low,1,0,0,0
692,female,Mrs,18_30_years,=1,1,Q,3,Low,1,0,0,0
693,male,Mr,18_30_years,=1,1,Q,3,Low,0,1,1,1
694,male,Mr,18_30_years,=1,1,Q,3,Low,1,0,0,0
695,female,Mrs,12_18_years,=1,1,Q,3,Low,1,0,0,0
696,female,Mrs,18_30_years,=1,1,S,3,Mid,1,0,0,0
697,female,Mrs,18_30_years,=1,1,S,3,Mid,1,0,0,0
698,male,Mr,12_18_years,=1,1,S,3,Mid,1,0,0,0
699,male,Mr,30_60_years,=1,1,S,3,Mid,1,0,0,0
700,male,Mr,12_18_years,=1,1,S,3,Mid,1,0,0,0
701,male,Mr,12_18_years,=1,1,S,3,Mid,1,0,0,0
702,female,Mrs,18_30_years,=1,1,Q,3,Low,1,0,0,0
703,male,Mr,18_30_years,=1,1,Q,3,Low,1,0,0,0
704,male,Mr,18_30_years,=1,1,S,3,Low,1,0,0,0
705,male,Mr,18_30_years,=1,1,C,3,Mid,1,0,0,0
706,female,Mrs,18_30_years,=1,1,C,3,Mid,1,0,0,0
707,male,Mr,18_30_years,=1,1,S,3,Low,1,0,0,0
708,male,Mr,18_30_years,=1,1,S,3,Low,1,0,0,0
709,female,Mrs,12_18_years,=1,1,Q,3,Low,0,1,1,1
710,female,Mrs,30_60_years,=1,1,Q,3,Low,1,0,0,0
711,male,Mr,18_30_years,=1,1,S,3,Low,1,0,0,0
712,male,Mr,18_30_years,=1,1,S,3,Low,1,0,0,0
713,male,Mr,18_30_years,=1,1,Q,3,Low,1,0,0,0
714,male,Mr,30_60_years,=1,1,S,3,High,0,1,1,1
715,male,Mr,18_30_years,=1,1,S,3,Low,1,0,0,0
716,male,Mr,18_30_years,=1,1,C,3,Mid,1,0,0,0
717,male,Mr,12_18_years,=1,1,C,3,Mid,1,0,0,0
718,male,Mr,18_30_years,=1,1,S,3,Low,1,0,0,0
719,male,Mr,12_18_years,=1,1,S,3,Low,0,1,1,1
720,male,Mr,18_30_years,=1,1,Q,3,Low,1,0,0,0
721,male,Mr,30_60_years,=1,1,S,3,Low,1,0,0,0
722,male,Mr,18_30_years,=1,1,S,3,Low,1,0,0,0
723,male,Mr,30_60_years,=1,1,Q,3,Low,1,0,0,0
724,male,Mr,30_60_years,=1,1,Q,3,Low,1,0,0,0
725,female,Mrs,18_30_years,=1,1,Q,3,Low,0,1,1,1
726,female,Mrs,18_30_years,=1,1,Q,3,Low,1,0,0,0
727,male,Mr,>60_years,=1,1,Q,3,Low,1,0,0,0
728,male,Mr,30_60_years,=1,1,S,3,Low,1,0,0,0
729,male,Mr,30_60_years,=1,1,S,3,Low,1,0,0,0
730,male,Mr,18_30_years,=1,1,S,3,Low,1,0,0,0
731,male,Mr,18_30_years,=1,1,S,3,Low,1,0,0,0
732,male,Mr,18_30_years,=1,1,S,3,Low,1,0,0,0
733,male,Mr,<12_years,=2,0,S,3,Mid,0,1,1,1
734,male,Mr,<12_years,=2,0,S,3,Mid,0,1,1,1
735,female,Mrs,30_60_years,=2,0,S,3,Mid,0,1,1,1
736,male,Mr,30_60_years,=1,1,S,3,Low,1,0,0,0
737,male,Mr,18_30_years,=1,1,S,3,Low,1,0,0,0
738,female,Mrs,12_18_years,=1,1,S,3,Mid,0,1,1,1
739,male,Mr,30_60_years,=1,1,S,3,Mid,1,0,0,0
740,male,Mr,12_18_years,=1,1,S,3,Mid,1,0,0,0
741,male,Mr,18_30_years,=1,1,C,3,Low,1,0,0,0
742,male,Mr,30_60_years,=1,1,S,3,Low,0,1,1,1
743,female,Mrs,18_30_years,=1,1,S,3,Mid,1,0,0,0
744,male,Mr,18_30_years,=1,1,S,3,Mid,1,0,0,0
745,female,Mrs,18_30_years,=1,1,Q,3,Low,0,1,1,1
746,male,Mr,18_30_years,=1,1,Q,3,Low,0,1,1,1
747,male,Mr,<12_years,=2,0,S,3,Mid,1,0,0,0
748,male,Mr,30_60_years,=2,0,S,3,Mid,1,0,0,0
749,female,Mrs,18_30_years,=2,0,S,3,Mid,1,0,0,0
750,male,Mr,18_30_years,=1,1,S,3,Low,1,0,0,0
751,male,Mr,18_30_years,=1,1,S,3,Low,1,0,0,0
752,male,Mr,18_30_years,=2,0,S,3,Mid,1,0,0,0
753,male,Mr,18_30_years,=1,1,S,3,Low,1,0,0,0
754,male,Mr,18_30_years,=2,0,S,3,Mid,1,0,0,0
755,male,Mr,12_18_years,=2,0,S,3,Low,1,0,0,0
756,male,Mr,18_30_years,=1,1,S,3,Mid,1,0,0,0
757,female,Mrs,18_30_years,=1,1,S,3,Mid,0,1,1,1
758,male,Mr,30_60_years,=1,1,S,3,Mid,0,1,1,1
759,female,Mrs,30_60_years,=1,1,S,3,Mid,0,1,1,1
760,male,Mr,18_30_years,=1,1,S,3,Mid,0,1,1,1
761,male,Mr,12_18_years,=1,1,S,3,Mid,1,0,0,0
762,male,Mr,<12_years,3-5,0,S,3,Mid,0,1,1,1
763,female,Mrs,<12_years,3-5,0,S,3,Mid,0,1,1,1
764,male,Mr,18_30_years,3-5,0,S,3,Mid,1,0,0,0
765,female,Mrs,30_60_years,3-5,0,S,3,Mid,0,1,1,1
766,male,Mr,18_30_years,=1,1,S,3,Low,1,0,0,0
767,male,Mr,18_30_years,=1,1,S,3,Low,1,0,0,0
768,male,Mr,18_30_years,=1,1,S,3,Low,1,0,0,0
769,male,Mr,18_30_years,=1,1,S,3,Low,1,0,0,0
770,male,Mr,30_60_years,=1,1,S,3,Low,1,0,0,0
771,female,Mrs,18_30_years,=1,1,Q,3,Low,0,1,1,1
772,male,Mr,12_18_years,=1,1,S,3,Low,1,0,0,0
773,male,Mr,30_60_years,=1,1,S,3,Mid,1,0,0,0
774,male,Mr,30_60_years,=1,1,S,3,Low,1,0,0,0
775,male,Mr,18_30_years,=1,1,C,3,Low,1,0,0,0
776,male,Mr,30_60_years,=1,1,Q,3,Low,1,0,0,0
777,male,Mr,18_30_years,=1,1,S,3,Low,0,1,1,1
778,female,Mrs,18_30_years,=1,1,S,3,Mid,0,1,1,1
779,female,Mrs,18_30_years,=1,1,Q,3,Low,0,1,0,1
780,female,Mrs,18_30_years,=1,1,S,3,Low,0,1,1,1
781,male,Mr,30_60_years,=1,1,C,3,Low,1,0,0,0
782,male,Mr,>60_years,=1,1,Q,3,Low,1,0,0,0
783,male,Mr,18_30_years,=1,1,S,3,Low,0,1,1,1
784,male,Mr,18_30_years,=1,1,S,3,Mid,1,0,0,0
785,female,Mrs,18_30_years,=1,1,S,3,Mid,0,1,1,1
786,male,Mr,12_18_years,=1,1,S,3,Low,1,0,0,0
787,male,Mr,12_18_years,=1,1,S,3,Low,1,0,0,0
788,male,Mr,30_60_years,=1,1,S,3,Low,1,0,0,0
789,male,Mr,18_30_years,=1,1,C,3,Low,1,0,0,0
790,male,Mr,30_60_years,=2,0,C,3,Low,1,0,0,0
791,male,Mr,12_18_years,=2,0,C,3,Low,1,0,0,0
792,male,Mr,12_18_years,=2,0,C,3,Low,1,0,0,0
793,male,Mr,30_60_years,=1,1,S,3,Low,1,0,0,0
794,female,Mrs,<12_years,=1,1,S,3,Mid,0,1,1,1
795,male,Mr,18_30_years,=1,1,C,3,Low,1,0,0,0
796,male,Mr,30_60_years,=1,1,S,3,Mid,1,0,0,0
797,male,Mr,30_60_years,=1,1,Q,3,Low,1,0,0,0
798,male,Mr,18_30_years,=1,1,S,3,Low,1,0,1,0
799,male,Mr,12_18_years,=1,1,S,3,Low,1,0,0,0
800,female,Mrs,30_60_years,=1,1,Q,3,Low,0,1,0,1
801,male,Mr,30_60_years,=1,1,Q,3,Low,1,0,0,0
802,male,Mr,30_60_years,=1,1,Q,3,Low,1,0,0,0
803,male,Mr,18_30_years,=1,1,Q,3,Low,1,0,0,0
804,male,Mr,30_60_years,=1,1,Q,3,Low,1,0,0,0
805,male,Mr,18_30_years,=1,1,S,3,High,0,1,1,1
806,female,Mrs,18_30_years,3-5,0,S,3,High,1,0,0,0
807,female,Mrs,<12_years,3-5,0,S,3,High,1,0,0,0
808,male,Mr,18_30_years,=1,1,S,3,Low,1,0,0,0
809,male,Mr,12_18_years,3-5,0,S,3,High,1,0,0,0
810,male,Mr,12_18_years,3-5,0,S,3,High,1,0,0,0
811,female,Mrs,30_60_years,3-5,0,S,3,High,1,0,0,0
812,male,Mr,30_60_years,=1,1,Q,3,Low,1,0,0,0
813,male,Mr,18_30_years,=1,1,S,3,Low,1,0,0,0
814,male,Mr,18_30_years,=1,1,Q,3,Low,1,0,0,0
815,male,Mr,30_60_years,=1,1,S,3,Mid,1,0,0,0
816,male,Mr,18_30_years,=1,1,C,3,Low,1,0,0,0
817,male,Mr,18_30_years,=1,1,S,3,Low,1,0,0,0
818,female,Mrs,12_18_years,=1,1,Q,3,Low,0,1,1,1
819,female,Mrs,30_60_years,=1,1,Q,3,Low,0,1,1,1
820,male,Mr,<12_years,=2,0,S,3,Mid,0,1,1,1
821,male,Mr,30_60_years,=2,0,S,3,Mid,1,0,0,0
822,male,Mr,30_60_years,=1,1,S,3,Low,1,0,0,0
823,female,Mrs,30_60_years,=2,0,S,3,Mid,0,1,1,1
824,male,Mr,30_60_years,=1,1,S,3,Low,1,0,0,0
825,male,Mr,<12_years,>5,0,S,3,High,1,0,0,0
826,male,Mr,<12_years,>5,0,S,3,High,1,0,0,0
827,male,Mr,<12_years,>5,0,S,3,High,1,0,0,0
828,female,Mrs,<12_years,>5,0,S,3,High,1,0,0,0
829,female,Mrs,12_18_years,>5,0,S,3,High,1,0,0,0
830,male,Mr,12_18_years,>5,0,S,3,High,1,0,0,0
831,male,Mr,30_60_years,>5,0,S,3,High,1,0,0,0
832,female,Mrs,30_60_years,>5,0,S,3,High,1,0,0,0
833,male,Mr,30_60_years,=1,1,S,3,Low,1,0,0,0
834,male,Mr,30_60_years,=1,1,S,3,Low,1,0,0,0
835,male,Mr,18_30_years,=1,1,S,3,Low,1,0,0,0
836,male,Mr,18_30_years,=1,1,S,3,Mid,1,0,0,0
837,male,Mr,30_60_years,=2,0,S,3,Low,1,0,0,0
838,male,Mr,18_30_years,=2,0,S,3,Low,1,0,0,0
839,male,Mr,18_30_years,=1,1,S,3,Low,1,0,0,0
840,female,Mrs,18_30_years,=1,1,S,3,Mid,1,0,0,0
841,female,Mrs,12_18_years,=1,1,Q,3,Low,1,0,0,0
842,male,Mr,12_18_years,=1,1,S,3,Mid,1,0,0,0
843,male,Mr,12_18_years,=1,1,S,3,Mid,1,0,0,0
844,male,Mr,18_30_years,=1,1,S,3,Mid,1,0,0,0
845,female,Mrs,18_30_years,=1,1,S,3,Mid,0,1,1,1
846,male,Mr,18_30_years,=1,1,S,3,Mid,1,0,0,0
847,male,Mr,18_30_years,=1,1,C,3,Low,1,0,0,0
848,male,Mr,30_60_years,=2,0,S,3,Mid,1,0,0,0
849,male,Mr,18_30_years,=1,1,S,3,Low,1,0,0,0
850,male,Mr,18_30_years,=1,1,S,3,Low,1,0,0,0
851,female,Mrs,30_60_years,=1,1,S,3,Mid,0,1,1,1
852,female,Mrs,18_30_years,=1,1,S,3,Low,1,0,0,0
853,male,Mr,18_30_years,=1,1,S,3,Low,1,0,0,0
854,male,Mr,18_30_years,=1,1,Q,3,Low,1,0,0,0
855,male,Mr,<12_years,=1,1,C,3,Mid,1,0,0,0
856,female,Mrs,30_60_years,=1,1,Q,3,Low,0,1,1,1
857,male,Mr,18_30_years,=1,1,S,3,Low,0,1,1,1
858,male,Mr,18_30_years,=1,1,S,3,High,0,1,1,1
859,female,Mrs,12_18_years,=1,1,Q,3,Low,1,0,0,0
860,female,Mrs,18_30_years,=1,1,S,3,Low,0,1,1,1
861,female,Mrs,18_30_years,=1,1,S,3,Low,1,0,0,0
862,female,Mrs,18_30_years,=1,1,S,3,Mid,0,1,1,1
863,male,Mr,18_30_years,=1,1,S,3,Low,1,0,0,0
864,female,Mrs,18_30_years,=1,1,S,3,Low,1,0,0,0
865,female,Mrs,30_60_years,=1,1,Q,3,Low,0,1,0,1
866,female,Mrs,<12_years,=1,1,S,3,Mid,0,1,1,1
867,female,Mrs,18_30_years,=2,0,S,3,Mid,0,1,1,1
868,male,Mr,30_60_years,=1,1,S,3,Low,1,0,0,0
869,male,Mr,18_30_years,=1,1,S,3,Mid,1,0,0,0
870,female,Mrs,18_30_years,=1,1,S,3,Low,0,1,1,1
871,male,Mr,30_60_years,=1,1,Q,3,Low,1,0,0,0
872,female,Mrs,18_30_years,=1,1,S,3,Low,1,0,1,0
873,male,Mr,30_60_years,=1,1,S,3,Low,1,0,0,0
874,male,Mr,30_60_years,=1,1,S,3,Low,0,1,1,1
875,male,Mr,18_30_years,=1,1,C,3,Low,1,0,0,0
876,male,Mr,18_30_years,=1,1,S,3,Low,1,0,0,0
877,female,Mrs,18_30_years,=1,1,S,3,Low,0,1,0,1
878,female,Mrs,18_30_years,=1,1,S,3,Low,1,0,0,0
879,male,Mr,18_30_years,=1,1,S,3,Low,1,0,0,0
880,male,Mr,18_30_years,=1,1,C,3,Low,0,1,1,1
881,male,Mr,18_30_years,=1,1,S,3,Low,0,1,1,1
882,male,Mr,18_30_years,=1,1,S,3,Low,1,0,0,0
883,male,Mr,18_30_years,=1,1,S,3,Low,1,0,0,0
884,male,Mr,30_60_years,=1,1,S,3,Low,1,0,0,0
885,male,Mr,12_18_years,=1,1,S,3,Low,1,0,0,0
886,female,Mrs,30_60_years,=1,1,Q,3,Low,0,1,1,1
887,male,Mr,18_30_years,=1,1,S,3,Low,0,1,1,1
888,male,Mr,30_60_years,=1,1,S,3,Low,1,0,0,0
889,male,Mr,18_30_years,=1,1,S,3,Low,1,0,1,0
890,male,Mr,18_30_years,=1,1,S,3,Low,1,0,0,0
891,male,Mr,30_60_years,=1,1,S,3,Low,1,0,0,0
892,male,Mr,30_60_years,=1,1,S,3,Low,1,0,0,0
893,male,Mr,18_30_years,=1,1,S,3,Low,1,0,0,0
894,male,Mr,<12_years,=2,0,S,3,Mid,0,1,1,1
895,female,Mrs,<12_years,=2,0,S,3,Mid,0,1,1,1
896,male,Mr,30_60_years,=1,1,S,3,Low,1,0,0,0
897,male,Mr,30_60_years,=1,1,S,3,Low,1,0,0,0
898,male,Mr,18_30_years,=1,1,S,3,Low,1,0,0,0
899,female,Mrs,18_30_years,=2,0,S,3,Mid,0,1,1,1
900,male,Mr,12_18_years,3-5,0,S,3,Mid,1,0,0,0
901,female,Mrs,12_18_years,3-5,0,S,3,Mid,1,0,0,0
902,male,Mr,12_18_years,3-5,0,S,3,Mid,1,0,0,0
903,female,Mrs,12_18_years,3-5,0,S,3,Mid,1,0,0,0
904,male,Mr,18_30_years,=1,1,S,3,Low,1,0,0,0
905,male,Mr,30_60_years,=1,1,S,3,Low,0,1,1,1
906,male,Mr,18_30_years,=1,1,S,3,Low,1,0,0,0
907,female,Mrs,18_30_years,=1,1,S,3,Mid,1,0,0,0
908,female,Mrs,18_30_years,=1,1,S,3,Mid,1,0,0,0
909,male,Mr,30_60_years,=1,1,S,3,Low,1,0,1,0
910,male,Mr,12_18_years,=1,1,S,3,Low,1,0,0,0
911,male,Mr,18_30_years,=1,1,S,3,Low,1,0,0,0
912,male,Mr,18_30_years,=1,1,S,3,Low,1,0,0,0
913,male,Mr,18_30_years,=1,1,S,3,Low,0,1,1,1
914,male,Mr,30_60_years,=1,1,S,3,Low,1,0,0,0
915,male,Mr,18_30_years,=1,1,S,3,Low,1,0,0,0
916,female,Mrs,<12_years,=1,1,C,3,Mid,0,1,1,1
917,male,Mr,30_60_years,=1,1,C,3,Mid,0,1,1,1
918,male,Mr,18_30_years,=1,1,C,3,Low,1,0,0,0
919,male,Mr,18_30_years,=1,1,C,3,Low,1,0,0,0
920,male,Mr,30_60_years,=1,1,Q,3,Low,1,0,0,0
921,male,Mr,18_30_years,=1,1,S,3,Low,1,0,0,0
922,female,Mrs,30_60_years,=1,1,Q,3,Low,0,1,1,1
923,female,Mrs,30_60_years,=1,1,Q,3,Low,0,1,1,1
924,male,Mr,30_60_years,=1,1,Q,3,Low,1,0,0,0
925,male,Mr,30_60_years,=1,1,S,3,Low,1,0,0,0
926,male,Mr,30_60_years,=1,1,Q,3,Low,1,0,1,0
927,male,Mr,18_30_years,=1,1,C,3,Mid,1,0,0,0
928,female,Mrs,18_30_years,=1,1,C,3,Mid,1,0,0,0
929,male,Mr,30_60_years,=1,1,Q,3,Low,1,0,0,0
930,male,Mr,30_60_years,=1,1,Q,3,Low,1,0,0,0
931,male,Mr,18_30_years,=1,1,Q,3,Low,1,0,0,0
932,female,Mrs,18_30_years,=2,0,S,3,Mid,1,0,0,0
933,male,Mr,18_30_years,=2,0,S,3,Mid,1,0,0,0
934,female,Mrs,<12_years,=2,0,S,3,Mid,0,1,1,1
935,male,Mr,18_30_years,3-5,0,S,3,Mid,0,1,1,1
936,female,Mrs,18_30_years,=2,0,S,3,Mid,0,1,1,1
937,female,Mrs,<12_years,=2,0,S,3,Mid,1,0,0,0
938,male,Mr,12_18_years,=2,0,S,3,Low,1,0,0,0
939,female,Mrs,30_60_years,=2,0,S,3,Mid,1,0,0,0
940,male,Mr,18_30_years,=1,1,C,3,Low,1,0,0,0
941,male,Mr,18_30_years,=1,1,C,3,Low,0,1,1,1
942,male,Mr,18_30_years,=1,1,C,3,Low,1,0,0,0
943,female,Mrs,30_60_years,=1,1,S,3,Mid,1,0,0,0
944,male,Mr,18_30_years,=1,1,S,3,Low,1,0,0,0
945,male,Mr,18_30_years,=1,1,S,3,High,0,1,1,1
946,male,Mr,18_30_years,=1,1,S,3,High,0,1,0,1
947,female,Mrs,18_30_years,=1,1,S,3,Low,0,1,1,1
948,male,Mr,30_60_years,=1,1,Q,3,Low,1,0,0,0
949,male,Mr,18_30_years,=1,1,S,3,High,0,1,1,1
950,male,Mr,18_30_years,=1,1,S,3,Mid,1,0,0,0
951,male,Mr,18_30_years,=1,1,S,3,Low,1,0,0,0
952,male,Mr,18_30_years,=1,1,S,3,Low,1,0,0,0
953,male,Mr,18_30_years,=1,1,C,3,Low,0,1,1,1
954,male,Mr,30_60_years,3-5,0,S,3,Mid,1,0,0,0
955,female,Mrs,30_60_years,3-5,0,S,3,Mid,1,0,0,0
956,female,Mrs,30_60_years,3-5,0,S,3,Mid,1,0,0,0
957,female,Mrs,30_60_years,3-5,0,S,3,Mid,1,0,0,0
958,female,Mrs,30_60_years,3-5,0,S,3,Mid,1,0,0,0
959,male,Mr,30_60_years,=1,1,S,3,Low,1,0,0,0
960,male,Mr,30_60_years,=1,1,C,3,Low,1,0,0,0
961,female,Mrs,30_60_years,=1,1,Q,3,Mid,0,1,0,1
962,male,Mr,30_60_years,=1,1,Q,3,Mid,1,0,0,0
963,male,Mr,30_60_years,=1,1,S,3,Low,1,0,0,0
964,male,Mr,30_60_years,=1,1,S,3,Mid,1,0,0,0
965,male,Mr,18_30_years,=1,1,S,3,Mid,1,0,0,0
966,female,Mrs,18_30_years,=1,1,S,3,Low,1,0,0,0
967,female,Mrs,30_60_years,=1,1,S,3,Low,1,0,0,0
968,male,Mr,30_60_years,=1,1,S,3,Mid,1,0,0,0
969,female,Mrs,18_30_years,=1,1,S,3,Mid,1,0,0,0
970,male,Mr,18_30_years,=1,1,S,3,Low,0,1,1,1
971,male,Mr,18_30_years,=1,1,Q,3,Low,1,0,0,0
972,male,Mr,18_30_years,=1,1,S,3,High,1,0,0,0
973,male,Mr,18_30_years,=1,1,S,3,Low,1,0,0,0
974,male,Mr,18_30_years,=1,1,S,3,Mid,1,0,0,0
975,female,Mrs,18_30_years,=1,1,S,3,Mid,1,0,0,0
976,male,Mr,18_30_years,=1,1,S,3,Low,1,0,0,0
977,male,Mr,18_30_years,=1,1,S,3,Low,1,0,0,0
978,male,Mr,18_30_years,=1,1,S,3,Mid,1,0,1,0
979,male,Mr,30_60_years,=1,1,S,3,Low,1,0,0,0
980,female,Mrs,18_30_years,=1,1,S,3,Low,0,1,1,1
981,male,Mr,30_60_years,=1,1,S,3,Low,0,1,1,1
982,male,Mr,18_30_years,=1,1,S,3,Low,1,0,0,0
983,male,Mr,18_30_years,=1,1,S,3,Low,1,0,0,0
984,female,Mrs,30_60_years,=1,1,Q,3,Low,0,1,1,1
985,male,Mr,18_30_years,=1,1,S,3,Low,0,1,1,1
986,male,Mr,18_30_years,=1,1,S,3,Low,1,0,0,0
987,female,Mrs,18_30_years,=1,1,Q,3,Low,0,1,0,1
988,male,Mr,30_60_years,=1,1,Q,3,Low,1,0,0,0
989,male,Mr,18_30_years,=1,1,S,3,Low,1,0,0,0
990,male,Mr,18_30_years,=1,1,S,3,Low,1,0,0,0
991,male,Mr,18_30_years,=1,1,C,3,Low,1,0,1,0
992,female,Mrs,30_60_years,=1,1,Q,3,Low,1,0,0,0
993,female,Mrs,18_30_years,=1,1,Q,3,Low,0,1,1,1
994,male,Mr,18_30_years,=1,1,C,3,Low,1,0,0,0
995,male,Mr,30_60_years,=1,1,C,3,Low,1,0,0,0
996,male,Mr,30_60_years,=1,1,S,3,Low,1,0,0,0
997,female,Mrs,18_30_years,=1,1,C,3,Low,0,1,1,1
998,male,Mr,18_30_years,=1,1,C,3,Low,1,0,0,0
999,female,Mrs,30_60_years,=1,1,Q,3,Low,0,1,1,1
1000,male,Mr,30_60_years,=1,1,Q,3,Low,1,0,1,0
1001,female,Mrs,18_30_years,=2,0,Q,3,Mid,0,1,1,1
1002,female,Mrs,18_30_years,=2,0,Q,3,Mid,0,1,1,1
1003,male,Mr,18_30_years,=2,0,Q,3,Mid,0,1,1,1
1004,female,Mrs,18_30_years,=1,1,Q,3,Low,0,1,1,1
1005,male,Mr,30_60_years,=1,1,Q,3,Mid,1,0,0,0
1006,female,Mrs,18_30_years,=1,1,Q,3,Low,0,1,1,1
1007,female,Mrs,12_18_years,=1,1,Q,3,Low,0,1,1,1
1008,female,Mrs,30_60_years,=1,1,Q,3,Low,1,0,0,0
1009,male,Mr,30_60_years,=1,1,Q,3,Low,1,0,0,0
1010,male,Mr,18_30_years,=1,1,S,3,Mid,1,0,0,0
1011,female,Mrs,18_30_years,=1,1,S,3,Mid,1,0,0,0
1012,female,Mrs,30_60_years,=1,1,Q,3,Low,0,1,0,1
1013,female,Mrs,18_30_years,=1,1,S,3,Low,1,0,0,0
1014,female,Mrs,18_30_years,=1,1,S,3,Low,1,0,0,0
1015,male,Mr,30_60_years,=1,1,S,3,Low,1,0,0,0
1016,male,Mr,30_60_years,=1,1,Q,3,Low,1,0,0,0
1017,male,Mr,18_30_years,=1,1,S,3,Low,1,0,1,0
1018,male,Mr,18_30_years,=1,1,S,3,Low,1,0,0,0
1019,male,Mr,18_30_years,=1,1,S,3,Low,1,0,0,0
1020,male,Mr,18_30_years,=1,1,S,3,Low,1,0,0,0
1021,male,Mr,18_30_years,=1,1,S,3,Low,1,0,0,0
1022,male,Mr,18_30_years,=1,1,S,3,Low,1,0,0,0
1023,female,Mrs,18_30_years,=1,1,Q,3,Low,0,1,1,1
1024,male,Mr,18_30_years,=1,1,S,3,Low,1,0,0,0
1025,male,Mr,<12_years,=1,1,S,3,Mid,0,1,1,1
1026,female,Mrs,18_30_years,=1,1,S,3,Mid,0,1,1,1
1027,male,Mr,18_30_years,=1,1,S,3,Low,1,0,0,0
1028,female,Mrs,18_30_years,=1,1,Q,3,Mid,0,1,1,1
1029,male,Mr,18_30_years,=1,1,Q,3,Mid,1,0,0,0
1030,male,Mr,18_30_years,=1,1,Q,3,Low,1,0,0,0
1031,male,Mr,30_60_years,=1,1,S,3,Low,1,0,0,0
1032,male,Mr,30_60_years,=1,1,Q,3,Low,1,0,0,0
1033,male,Mr,18_30_years,=1,1,S,3,Low,1,0,1,0
1034,male,Mr,<12_years,=2,0,C,3,Mid,0,1,1,1
1035,male,Mr,<12_years,=2,0,C,3,Mid,0,1,1,1
1036,female,Mrs,<12_years,=2,0,C,3,Mid,0,1,1,1
1037,female,Mrs,18_30_years,=1,1,C,3,Low,0,1,1,1
1038,male,Mr,18_30_years,=1,1,S,3,Low,1,0,0,0
1039,female,Mrs,18_30_years,=1,1,Q,3,Low,0,1,1,1
1040,female,Mrs,18_30_years,=1,1,Q,3,Low,0,1,1,1
1041,male,Mr,18_30_years,=1,1,S,3,Low,1,0,0,0
1042,female,Mrs,30_60_years,=1,1,Q,3,Mid,0,1,1,1
1043,female,Mrs,30_60_years,=1,1,Q,3,Mid,0,1,1,1
1044,female,Mrs,30_60_years,=1,1,Q,3,Mid,0,1,1,1
1045,male,Mr,12_18_years,=1,1,S,3,Low,1,0,0,0
1046,male,Mr,18_30_years,=1,1,S,3,Low,1,0,0,0
1047,female,Mrs,12_18_years,=1,1,C,3,Low,0,1,1,1
1048,female,Mrs,<12_years,=2,0,C,3,Mid,0,1,1,1
1049,male,Mr,18_30_years,=2,0,C,3,Mid,0,1,1,1
1050,female,Mrs,18_30_years,=2,0,C,3,Mid,0,1,1,1
1051,male,Mr,30_60_years,=1,1,S,3,Low,1,0,0,0
1052,male,Mr,18_30_years,=1,1,S,3,Low,1,0,0,0
1053,male,Mr,18_30_years,=1,1,C,3,Low,1,0,0,0
1054,female,Mrs,30_60_years,=1,1,Q,3,Low,0,1,0,1
1055,male,Mr,18_30_years,=1,1,S,3,Low,1,0,0,0
1056,male,Mr,<12_years,=1,1,C,3,Mid,0,1,1,1
1057,female,Mrs,12_18_years,=1,1,C,3,Mid,0,1,1,1
1058,female,Mrs,18_30_years,=1,1,S,3,Low,1,0,0,0
1059,male,Mr,18_30_years,=1,1,S,3,Low,1,0,0,0
1060,female,Mrs,12_18_years,=1,1,S,3,Low,0,1,1,1
1061,female,Mrs,18_30_years,=1,1,S,3,Low,0,1,1,1
1062,male,Mr,18_30_years,=1,1,S,3,Low,1,0,0,0
1063,male,Mr,30_60_years,=1,1,S,3,Low,1,0,0,0
1064,male,Mr,30_60_years,=1,1,S,3,Low,1,0,1,0
1065,male,Mr,18_30_years,=1,1,S,3,Low,1,0,0,0
1066,male,Mr,18_30_years,=1,1,C,3,Low,1,0,0,0
1067,female,Mrs,18_30_years,=1,1,S,3,Low,0,1,1,1
1068,male,Mr,>60_years,=1,1,S,3,Low,1,0,0,0
1069,male,Mr,30_60_years,=1,1,Q,3,Mid,1,0,0,0
1070,male,Mr,30_60_years,=1,1,Q,3,Low,1,0,0,0
1071,female,Mrs,30_60_years,=1,1,Q,3,Mid,0,1,1,1
1072,male,Mr,18_30_years,=1,1,Q,3,Low,1,0,0,0
1073,male,Mr,30_60_years,=1,1,Q,3,Low,1,0,0,0
1074,male,Mr,30_60_years,=1,1,Q,3,Low,1,0,0,0
1075,male,Mr,18_30_years,=1,1,S,3,Mid,1,0,0,0
1076,female,rare,30_60_years,=1,1,Q,3,Low,1,0,0,0
1077,female,Mrs,30_60_years,=1,1,Q,3,Low,0,1,1,1
1078,female,Mrs,18_30_years,=1,1,Q,3,Low,0,1,1,1
1079,female,Mrs,18_30_years,=1,1,S,3,Low,0,1,1,1
1080,male,Mr,30_60_years,=1,1,Q,3,Low,1,0,1,0
1081,female,Mrs,30_60_years,=1,1,Q,3,Low,0,1,1,1
1082,male,Mr,<12_years,=1,1,S,3,Low,0,1,1,1
1083,male,Mr,18_30_years,=1,1,S,3,Mid,1,0,0,0
1084,male,Mr,30_60_years,=1,1,S,3,Low,1,0,0,0
1085,male,Mr,18_30_years,=1,1,S,3,Low,1,0,0,0
1086,female,Mrs,30_60_years,=1,1,S,3,Low,1,0,0,0
1087,male,Mr,18_30_years,=1,1,S,3,Low,1,0,0,0
1088,male,Mr,30_60_years,=1,1,S,3,Low,0,1,1,1
1089,male,Mr,18_30_years,=1,1,S,3,Mid,1,0,0,0
1090,female,Mrs,18_30_years,=1,1,S,3,Mid,1,0,0,0
1091,female,Mrs,18_30_years,=1,1,S,3,Mid,1,0,0,0
1092,male,Mr,18_30_years,=1,1,S,3,Mid,1,0,0,0
1093,male,Mr,12_18_years,=1,1,S,3,Mid,1,0,0,0
1094,female,Mrs,30_60_years,=1,1,S,3,Mid,0,1,1,1
1095,female,Mrs,18_30_years,=1,1,Q,3,Low,1,0,0,0
1096,male,Mr,<12_years,3-5,0,S,3,Mid,1,0,0,0
1097,male,Mr,<12_years,3-5,0,S,3,Mid,1,0,0,0
1098,female,Mrs,<12_years,3-5,0,S,3,Mid,1,0,0,0
1099,female,Mrs,<12_years,3-5,0,S,3,Mid,1,0,0,0
1100,female,Mrs,18_30_years,3-5,0,S,3,Mid,1,0,0,0
1101,male,Mr,<12_years,3-5,0,S,3,High,1,0,0,0
1102,male,Mr,<12_years,3-5,0,S,3,High,1,0,0,0
1103,male,Mr,<12_years,3-5,0,S,3,High,1,0,0,0
1104,male,Mr,12_18_years,3-5,0,S,3,High,1,0,0,0
1105,male,Mr,12_18_years,3-5,0,S,3,High,1,0,0,0
1106,female,Mrs,30_60_years,3-5,0,S,3,High,1,0,0,0
1107,male,Mr,18_30_years,=1,1,S,3,Mid,1,0,0,0
1108,male,Mr,18_30_years,=1,1,S,3,Mid,1,0,0,0
1109,male,Mr,18_30_years,=1,1,C,3,Mid,1,0,0,0
1110,male,Mr,30_60_years,=1,1,S,3,Low,1,0,0,0
1111,male,Mr,<12_years,=2,0,S,3,Mid,1,0,0,0
1112,female,Mrs,<12_years,=2,0,S,3,Mid,1,0,0,0
1113,female,Mrs,18_30_years,=2,0,S,3,Mid,1,0,0,0
1114,male,Mr,30_60_years,=1,1,S,3,Low,1,0,0,0
1115,male,Mr,18_30_years,=1,1,S,3,Low,1,0,0,0
1116,male,Mr,18_30_years,=1,1,S,3,Low,1,0,0,0
1117,male,Mr,18_30_years,=1,1,S,3,Low,1,0,0,0
1118,male,Mr,18_30_years,=1,1,S,3,Low,1,0,0,0
1119,male,Mr,18_30_years,=1,1,S,3,Low,1,0,0,0
1120,male,Mr,18_30_years,=1,1,S,3,Low,0,1,1,1
1121,male,Mr,18_30_years,=2,0,C,3,Mid,0,1,1,1
1122,female,Mrs,18_30_years,=2,0,C,3,Mid,0,1,1,1
1123,female,Mrs,18_30_years,=2,0,C,3,Mid,0,1,1,1
1124,female,Mrs,30_60_years,=1,1,Q,3,Low,1,0,0,0
1125,male,Mr,18_30_years,=1,1,S,3,Low,1,0,0,0
1126,female,Mrs,18_30_years,=1,1,S,3,Low,1,0,0,0
1127,male,Mr,18_30_years,=1,1,S,3,Low,1,0,0,0
1128,male,Mr,18_30_years,=1,1,S,3,Low,1,0,0,0
1129,male,Mr,18_30_years,=1,1,S,3,Low,0,1,0,1
1130,female,Mrs,12_18_years,=1,1,S,3,Low,0,1,0,1
1131,male,Mr,30_60_years,=1,1,S,3,Low,1,0,1,0
1132,male,Mr,18_30_years,=1,1,S,3,Low,1,0,0,0
1133,male,Mr,12_18_years,=1,1,S,3,Mid,1,0,0,0
1134,male,Mr,18_30_years,=1,1,S,3,Mid,1,0,0,0
1135,male,Mr,18_30_years,=1,1,S,3,Low,1,0,0,0
1136,female,Mrs,18_30_years,=1,1,S,3,Low,1,0,0,0
1137,male,Mr,18_30_years,=1,1,C,3,Low,1,0,0,0
1138,male,Mr,18_30_years,=1,1,S,3,Low,1,0,0,0
1139,male,Mr,30_60_years,=1,1,S,3,Low,1,0,0,0
1140,male,Mr,18_30_years,=1,1,S,3,Low,1,0,0,0
1141,male,Mr,<12_years,3-5,0,Q,3,High,1,0,0,0
1142,male,Mr,<12_years,3-5,0,Q,3,High,1,0,0,0
1143,male,Mr,<12_years,3-5,0,Q,3,High,1,0,0,0
1144,male,Mr,<12_years,3-5,0,Q,3,High,1,0,0,0
1145,male,Mr,<12_years,3-5,0,Q,3,High,1,0,0,0
1146,female,Mrs,30_60_years,3-5,0,Q,3,High,1,0,0,0
1147,female,Mrs,18_30_years,=1,1,S,3,High,1,0,0,0
1148,male,Mr,30_60_years,=1,1,S,3,Low,1,0,0,0
1149,female,Mrs,18_30_years,=1,1,Q,3,Low,0,1,1,1
1150,male,Mr,30_60_years,=1,1,S,3,Mid,1,0,0,0
1151,female,Mrs,30_60_years,=1,1,S,3,Mid,1,0,0,0
1152,male,Mr,30_60_years,=1,1,S,3,Mid,1,0,0,0
1153,female,Mrs,30_60_years,=1,1,S,3,Mid,1,0,0,0
1154,male,Mr,18_30_years,=1,1,S,3,Low,1,0,0,0
1155,male,Mr,18_30_years,=1,1,S,3,Low,1,0,0,0
1156,female,Mrs,<12_years,=2,0,S,3,Mid,1,0,0,0
1157,male,Mr,12_18_years,=2,0,S,3,Mid,1,0,0,0
1158,female,Mrs,30_60_years,=2,0,S,3,Mid,1,0,0,0
1159,female,Mrs,18_30_years,=1,1,S,3,Low,1,0,1,0
1160,male,Mr,30_60_years,=1,1,S,3,Low,1,0,0,0
1161,male,Mr,12_18_years,=1,1,S,3,Low,0,1,0,1
1162,male,Mr,30_60_years,=1,1,Q,3,Low,1,0,1,0
1163,male,Mr,18_30_years,=1,1,Q,3,Mid,1,0,0,0
1164,male,Mr,18_30_years,=1,1,C,3,Low,1,0,0,0
1165,male,Mr,18_30_years,=1,1,C,3,Low,1,0,0,0
1166,male,Mr,18_30_years,=1,1,C,3,Low,1,0,0,0
1167,male,Mr,18_30_years,=1,1,Q,3,Low,1,0,0,0
1168,male,Mr,30_60_years,=1,1,S,3,Low,1,0,0,0
1169,male,Mr,30_60_years,=1,1,S,3,Low,1,0,0,0
1170,male,Mr,30_60_years,>5,0,S,3,High,1,0,0,0
1171,male,Mr,12_18_years,>5,0,S,3,High,1,0,0,0
1172,female,Mrs,30_60_years,>5,0,S,3,High,1,0,0,0
1173,female,Mrs,30_60_years,>5,0,S,3,High,1,0,0,0
1174,female,Mrs,30_60_years,>5,0,S,3,High,1,0,0,0
1175,female,Mrs,30_60_years,>5,0,S,3,High,1,0,0,0
1176,male,Mr,30_60_years,>5,0,S,3,High,1,0,0,0
1177,male,Mr,30_60_years,>5,0,S,3,High,1,0,0,0
1178,male,Mr,30_60_years,>5,0,S,3,High,1,0,0,0
1179,male,Mr,30_60_years,>5,0,S,3,High,1,0,0,0
1180,female,Mrs,30_60_years,>5,0,S,3,High,1,0,0,0
1181,male,Mr,18_30_years,=1,1,S,3,Mid,1,0,0,0
1182,female,Mrs,18_30_years,=1,1,S,3,Low,0,1,1,1
1183,male,Mr,30_60_years,=1,1,S,3,Low,1,0,0,0
1184,male,Mr,18_30_years,=2,0,C,3,Mid,1,0,0,0
1185,male,Mr,18_30_years,=2,0,C,3,Mid,1,0,0,0
1186,male,Mr,18_30_years,=2,0,C,3,Mid,1,0,0,0
1187,female,Mrs,<12_years,=2,0,S,3,Mid,0,1,1,1
1188,female,Mrs,18_30_years,=2,0,S,3,Mid,0,1,1,1
1189,female,Mrs,<12_years,=2,0,S,3,Mid,0,1,1,1
1190,male,Mr,18_30_years,=1,1,S,3,Mid,0,1,1,1
1191,male,Mr,18_30_years,=1,1,S,3,Low,1,0,0,0
1192,male,Mr,18_30_years,=1,1,S,3,Low,1,0,0,0
1193,male,Mr,18_30_years,=1,1,Q,3,Low,1,0,0,0
1194,male,Mr,18_30_years,=1,1,S,3,Low,1,0,0,0
1195,male,Mr,30_60_years,=1,1,Q,3,Low,1,0,0,0
1196,male,Mr,18_30_years,=1,1,S,3,Mid,0,1,1,1
1197,male,Mr,30_60_years,=1,1,S,3,Mid,1,0,0,0
1198,female,Mrs,18_30_years,=1,1,Q,3,Low,0,1,1,1
1199,male,Mr,18_30_years,=1,1,S,3,Low,1,0,0,0
1200,male,Mr,18_30_years,=1,1,S,3,Low,1,0,0,0
1201,male,Mr,18_30_years,=1,1,C,3,Low,1,0,0,0
1202,male,Mr,18_30_years,=1,1,S,3,Low,1,0,0,0
1203,male,Mr,30_60_years,=1,1,S,3,Low,1,0,0,0
1204,male,Mr,18_30_years,=1,1,S,3,Low,1,0,0,0
1205,female,Mrs,12_18_years,=1,1,S,3,Low,0,1,1,1
1206,male,Mr,<12_years,3-5,0,S,3,High,1,0,0,0
1207,male,Mr,<12_years,3-5,0,S,3,High,1,0,0,0
1208,female,Mrs,<12_years,3-5,0,S,3,High,1,0,0,0
1209,female,Mrs,<12_years,3-5,0,S,3,High,1,0,0,0
1210,male,Mr,30_60_years,3-5,0,S,3,High,1,0,0,0
1211,female,Mrs,30_60_years,3-5,0,S,3,High,1,0,0,0
1212,male,Mr,18_30_years,=1,1,S,3,Low,1,0,0,0
1213,male,Mr,18_30_years,=1,1,S,3,Low,1,0,0,0
1214,male,Mr,18_30_years,=1,1,S,3,Mid,1,0,0,0
1215,male,Mr,30_60_years,=1,1,Q,3,Low,1,0,0,0
1216,female,Mrs,18_30_years,=1,1,Q,3,Low,0,1,1,1
1217,male,Mr,18_30_years,=1,1,S,3,Low,1,0,0,0
1218,male,Mr,18_30_years,=1,1,S,3,Low,1,0,0,0
1219,male,Mr,18_30_years,=1,1,S,3,Low,1,0,0,0
1220,male,Mr,30_60_years,=1,1,S,3,Low,1,0,0,0
1221,male,Mr,18_30_years,=1,1,S,3,Low,1,0,0,0
1222,male,Mr,30_60_years,=1,1,C,3,Mid,1,0,0,0
1223,female,Mrs,18_30_years,=1,1,S,3,Low,0,1,1,1
1224,male,Mr,18_30_years,=1,1,S,3,Low,1,0,0,0
1225,male,Mr,>60_years,=1,1,S,3,High,1,0,0,0
1226,male,Mr,18_30_years,=1,1,S,3,Low,1,0,0,0
1227,female,Mrs,18_30_years,=1,1,S,3,Mid,1,0,0,0
1228,male,Mr,30_60_years,=1,1,S,3,Low,0,1,1,1
1229,male,Mr,18_30_years,=1,1,S,3,Mid,1,0,0,0
1230,female,Mrs,<12_years,=1,1,S,3,Mid,1,0,0,0
1231,female,Mrs,18_30_years,=2,0,S,3,Mid,1,0,0,0
1232,male,Mr,12_18_years,=1,1,S,3,Low,0,1,1,1
1233,male,Mr,30_60_years,=1,1,S,3,Low,0,1,1,1
1234,male,Mr,18_30_years,=1,1,S,3,Low,1,0,0,0
1235,male,Mr,>60_years,=1,1,S,3,Low,1,0,0,0
1236,male,Mr,12_18_years,=1,1,S,3,Mid,0,1,1,1
1237,male,Mr,18_30_years,=1,1,S,3,Low,1,0,0,0
1238,male,Mr,18_30_years,=1,1,S,3,Low,0,1,1,1
1239,male,Mr,30_60_years,=1,1,S,3,Low,1,0,0,0
1240,male,Mr,<12_years,=1,1,C,3,Low,0,1,1,1
1241,male,Mr,30_60_years,=1,1,C,3,Low,1,0,0,0
1242,male,Mr,30_60_years,=1,1,C,3,Low,1,0,0,0
1243,male,Mr,18_30_years,=1,1,C,3,Low,1,0,0,0
1244,female,Mrs,12_18_years,=2,0,C,3,Low,0,1,1,1
1245,male,Mr,18_30_years,=1,1,S,3,Low,1,0,0,0
1246,male,Mr,18_30_years,=1,1,S,3,Mid,1,0,0,0
1247,female,Mrs,18_30_years,=1,1,S,3,Mid,0,1,1,1
1248,male,Mr,30_60_years,=1,1,S,3,Low,1,0,0,0
1249,male,Mr,30_60_years,=1,1,Q,3,Low,1,0,0,0
1250,male,Mr,18_30_years,=1,1,S,3,Low,1,0,0,0
1251,male,Mr,30_60_years,=1,1,S,3,Low,1,0,0,0
1252,male,Mr,30_60_years,=1,1,S,3,Low,1,0,0,0
1253,male,Mr,18_30_years,=1,1,C,3,Low,1,0,0,0
1254,male,Mr,18_30_years,=1,1,S,3,Low,0,1,1,1
1255,male,Mr,18_30_years,=1,1,C,3,Low,1,0,0,0
1256,male,Mr,<12_years,=2,0,C,3,Mid,0,1,1,1
1257,female,Mrs,<12_years,=2,0,C,3,Mid,0,1,1,1
1258,female,Mrs,18_30_years,=2,0,C,3,Mid,0,1,1,1
1259,male,Mr,30_60_years,=1,1,S,3,Low,1,0,0,0
1260,female,Mrs,12_18_years,=1,1,S,3,Mid,0,1,1,1
1261,female,Mrs,>60_years,=1,1,S,3,Mid,0,1,1,1
1262,male,Mr,30_60_years,=2,0,S,3,Mid,1,0,0,0
1263,male,Mr,<12_years,=2,0,S,3,Mid,1,0,0,0
1264,male,Mr,30_60_years,=2,0,S,3,Mid,1,0,0,0
1265,female,Mrs,<12_years,=2,0,S,3,Mid,1,0,0,0
1266,male,Mr,30_60_years,=2,0,S,3,Mid,1,0,0,0
1267,female,Mrs,18_30_years,=2,0,S,3,Mid,1,0,0,0
1268,male,Mr,18_30_years,=1,1,S,3,Mid,1,0,0,0
1269,male,Mr,30_60_years,=1,1,S,3,Mid,1,0,0,0
1270,male,Mr,18_30_years,=1,1,S,3,Mid,1,0,0,0
1271,male,Mr,18_30_years,=1,1,S,3,Mid,1,0,0,0
1272,male,Mr,30_60_years,=1,1,S,3,Mid,1,0,0,0
1273,female,Mrs,12_18_years,=2,0,S,3,Mid,1,0,0,0
1274,male,Mr,30_60_years,3-5,0,S,3,Mid,1,0,0,0
1275,male,Mr,12_18_years,=2,0,S,3,Mid,1,0,0,0
1276,female,Mrs,30_60_years,=1,1,S,3,Mid,1,0,0,0
1277,male,Mr,18_30_years,=1,1,C,3,Low,0,1,1,1
1278,male,Mr,18_30_years,=1,1,S,3,Low,1,0,0,0
1279,female,Mrs,12_18_years,=1,1,S,3,Low,1,0,0,0
1280,male,Mr,18_30_years,=1,1,S,3,Low,1,0,0,0
1281,male,Mr,18_30_years,=1,1,S,3,Mid,1,0,0,0
1282,male,Mr,18_30_years,=1,1,S,3,Low,1,0,0,0
1283,male,Mr,18_30_years,=1,1,S,3,Low,1,0,0,0
1284,male,Mr,18_30_years,=1,1,S,3,Low,1,0,0,0
1285,male,Mr,30_60_years,=1,1,S,3,Mid,1,0,0,0
1286,female,Mrs,30_60_years,=1,1,C,3,Low,0,1,1,1
1287,male,Mr,30_60_years,=1,1,S,3,Low,1,0,0,0
1288,male,Mr,12_18_years,=1,1,S,3,Low,1,0,0,0
1289,male,Mr,18_30_years,=1,1,S,3,Low,1,0,0,0
1290,female,Mrs,30_60_years,=1,1,S,3,Low,0,1,1,1
1291,male,Mr,18_30_years,=1,1,S,3,Mid,1,0,0,0
1292,male,Mr,18_30_years,=1,1,S,3,Low,1,0,0,0
1293,male,Mr,18_30_years,=1,1,S,3,Low,1,0,0,0
1294,male,Mr,18_30_years,=1,1,S,3,Mid,1,0,0,0
1295,male,Mr,18_30_years,=1,1,S,3,Low,1,0,0,0
1296,male,Mr,18_30_years,=1,1,S,3,Mid,1,0,0,0
1297,male,Mr,18_30_years,=1,1,S,3,Low,1,0,0,0
1298,male,Mr,30_60_years,=1,1,S,3,Mid,1,0,0,0
1299,male,Mr,18_30_years,=1,1,C,3,Mid,1,0,0,0
1300,female,Mrs,12_18_years,=1,1,C,3,Mid,0,1,1,1
1301,male,Mr,30_60_years,=1,1,C,3,Low,1,0,0,0
1302,male,Mr,18_30_years,=1,1,C,3,Low,1,0,0,0
1303,male,Mr,18_30_years,=1,1,C,3,Mid,1,0,0,0
1304,female,Mrs,12_18_years,=1,1,C,3,Mid,1,0,0,0
1305,female,Mrs,18_30_years,=1,1,C,3,Mid,1,0,0,0
1306,male,Mr,18_30_years,=1,1,C,3,Low,1,0,0,0
1307,male,Mr,18_30_years,=1,1,C,3,Low,1,0,0,0
1308,male,Mr,18_30_years,=1,1,S,3,Low,1,0,0,0
